folder,file_name,affect_rating_segment,segment_start_sec,segment_end_sec,duration_sec,duration_msec,happiness_full_video,surprise_full_video,lab_id,subj_id,trial_num
4,bllumanitoba_5372_1,4,2,12,10,10000,0,0,bllumanitoba,5372,1
2,bllumanitoba_5372_2,4,2,12,10,10000,0,0,bllumanitoba,5372,2
2,bllumanitoba_5372_3,4,2,12,10,10000,0,0,bllumanitoba,5372,3
2,bllumanitoba_5372_4,4,10.74,12,1.26,1260,0,0,bllumanitoba,5372,4
2,bllumanitoba_5372_5,4,4.87,5.94,1.07,1070,0,0,bllumanitoba,5372,5
2,bllumanitoba_5372_6,4,2,12,10,10000,0,0,bllumanitoba,5372,6
7,bllumanitoba_5390_1,5,7.986,8.8316,0.8456,845.6,1,0,bllumanitoba,5390,1
4,bllumanitoba_5390_10,4,2,12,10,10000,0,0,bllumanitoba,5390,10
7,bllumanitoba_5390_11,4,2,12,10,10000,0,0,bllumanitoba,5390,11
2,bllumanitoba_5390_12,4,2,12,10,10000,0,0,bllumanitoba,5390,12
7,bllumanitoba_5390_13,4,2,12,10,10000,0,0,bllumanitoba,5390,13
7,bllumanitoba_5390_2,4,2,12,10,10000,0,0,bllumanitoba,5390,2
7,bllumanitoba_5390_3,4,2,12,10,10000,0,0,bllumanitoba,5390,3
4,bllumanitoba_5390_4,4,2,12,10,10000,0,0,bllumanitoba,5390,4
2,bllumanitoba_5390_5,4,2,12,10,10000,0,0,bllumanitoba,5390,5
7,bllumanitoba_5390_6,4,2,12,10,10000,0,0,bllumanitoba,5390,6
2,bllumanitoba_5390_7,4,2,12,10,10000,0,0,bllumanitoba,5390,7
7,bllumanitoba_5390_8,4,2,12,10,10000,0,0,bllumanitoba,5390,8
7,bllumanitoba_5390_9,5,11.253,12,0.747,747,1,0,bllumanitoba,5390,9
4,bllumanitoba_5391_1,3,2,12,10,10000,2,0,bllumanitoba,5391,1
2,bllumanitoba_5391_2,4,3.807,12,8.193,8193,0,0,bllumanitoba,5391,2
2,bllumanitoba_5391_3,4,2,12,10,10000,0,0,bllumanitoba,5391,3
4,bllumanitoba_5391_4,3,2,12,10,10000,2,0,bllumanitoba,5391,4
4,bllumanitoba_5391_5,3,7.59,12,4.41,4410,2,0,bllumanitoba,5391,5
4,bllumanitoba_5391_6,4,2,12,10,10000,0,0,bllumanitoba,5391,6
2,bllumanitoba_5391_7,3,3.762,6.996,3.234,3234,2,0,bllumanitoba,5391,7
2,bllumanitoba_5391_7,3,8.25,10.164,1.914,1914,2,0,bllumanitoba,5391,7
2,bllumanitoba_5391_7,3,10.428,12,1.572,1572,2,0,bllumanitoba,5391,7
4,bllumanitoba_5391_8,NA,NA,NA,0,0,NA,NA,bllumanitoba,5391,8
7,bllumanitoba_5402_1,5,2,4.455,2.455,2455,1,0,bllumanitoba,5402,1
4,bllumanitoba_5402_2,4,2,12,10,10000,0,0,bllumanitoba,5402,2
7,bllumanitoba_5402_3,4,2,12,10,10000,0,0,bllumanitoba,5402,3
7,bllumanitoba_5402_4,4,2,12,3,3000,0,0,bllumanitoba,5402,4
NA,bllumanitoba_5402_4,4,9.339,10.065,0.726,726,0,0,bllumanitoba,5402,4
4,bllumanitoba_5402_5,5,2,10.567,8.567,8567,1,0,bllumanitoba,5402,5
7,bllumanitoba_5402_6,4,2,12,10,10000,0,0,bllumanitoba,5402,6
2,bllumanitoba_5402_7,5,2,7.722,5.722,5722,1,0,bllumanitoba,5402,7
2,bllumanitoba_5402_7,5,8.382,12,3.618,3618,1,0,bllumanitoba,5402,7
4,bllumanitoba_5404_1,3,2,12,10,10000,2,0,bllumanitoba,5404,1
2,bllumanitoba_5404_2,4,2,12,10,10000,0,0,bllumanitoba,5404,2
2,bllumanitoba_5404_3,4,2,12,10,10000,0,0,bllumanitoba,5404,3
7,bllumanitoba_5404_4,4,6.996,9.996,3,3000,0,1,bllumanitoba,5404,4
2,bllumanitoba_5404_5,4,8.099,9.933,1.834,1834,0,0,bllumanitoba,5404,5
4,bllumanitoba_5404_6,3,2,12,10,10000,2,0,bllumanitoba,5404,6
7,bllumanitoba_5404_7,4,2,12,10,10000,0,0,bllumanitoba,5404,7
7,bllumanitoba_5404_8,4,2,12,10,10000,0,0,bllumanitoba,5404,8
7,bllumanitoba_5411_1,4,2,12,10,10000,0,0,bllumanitoba,5411,1
7,bllumanitoba_5411_2,3,9.952,11.056,1.104,1104,2,1,bllumanitoba,5411,2
7,bllumanitoba_5411_3,5,3.333,3.927,0.594,594,1,0,bllumanitoba,5411,3
7,bllumanitoba_5411_3,5,5.94,8.283,2.343,2343,1,0,bllumanitoba,5411,3
4,bllumanitoba_5411_4,5,2,12,10,10000,1,1,bllumanitoba,5411,4
2,bllumanitoba_5411_5,5,6.699,8.481,1.782,1782,1,0,bllumanitoba,5411,5
7,bllumanitoba_5411_6,5,5.907,7.887,1.98,1980,1,0,bllumanitoba,5411,6
7,bllumanitoba_5411_6,5,10.296,11.022,0.726,726,1,0,bllumanitoba,5411,6
7,bllumanitoba_5411_7,5,2,12,10,10000,1,0,bllumanitoba,5411,7
4,bllumanitoba_5411_8,4,2,12,10,10000,0,0,bllumanitoba,5411,8
7,bllumanitoba_5411_9,3,6.27,7.062,0.792,792,2,0,bllumanitoba,5411,9
2,bllumanitoba_5414_1,5,2,10.428,8.428,8428,1,1,bllumanitoba,5414,1
7,bllumanitoba_5414_10,4,2,12,10,10000,0,1,bllumanitoba,5414,10
4,bllumanitoba_5414_11,4,2,12,10,10000,0,1,bllumanitoba,5414,11
7,bllumanitoba_5414_12,5,2,7.392,5.392,5392,1,0,bllumanitoba,5414,12
7,bllumanitoba_5414_12,5,7.887,8.448,0.561,561,1,0,bllumanitoba,5414,12
7,bllumanitoba_5414_12,5,10.395,11.286,0.891,891,1,0,bllumanitoba,5414,12
4,bllumanitoba_5414_13,3,2,12,10,10000,2,1,bllumanitoba,5414,13
7,bllumanitoba_5414_14,4,2,12,10,10000,0,0,bllumanitoba,5414,14
4,bllumanitoba_5414_2,5,2,9.813,7.813,7813,1,1,bllumanitoba,5414,2
7,bllumanitoba_5414_3,5,7.491,8.25,0.759,759,1,0,bllumanitoba,5414,3
7,bllumanitoba_5414_4,4,2,12,10,10000,0,0,bllumanitoba,5414,4
7,bllumanitoba_5414_5,4,2,12,10,10000,0,0,bllumanitoba,5414,5
4,bllumanitoba_5414_6,4,2,11.564,9.564,9564,0,1,bllumanitoba,5414,6
4,bllumanitoba_5414_7,4,2,12,10,10000,0,0,bllumanitoba,5414,7
4,bllumanitoba_5414_8,3,2,12,10,10000,2,1,bllumanitoba,5414,8
4,bllumanitoba_5414_9,4,2,12,10,10000,0,0,bllumanitoba,5414,9
4,bllumanitoba_5415_1,3,2,12,10,10000,2,0,bllumanitoba,5415,1
2,bllumanitoba_5415_10,3,2.55,9.504,6.954,6954,2,0,bllumanitoba,5415,10
2,bllumanitoba_5415_10,3,5.99,7.095,1.105,1105,2,0,bllumanitoba,5415,10
7,bllumanitoba_5415_11,5,5.973,11.68,5.707,5707,1,0,bllumanitoba,5415,11
2,bllumanitoba_5415_12,3,3.465,6.435,2.97,2970,2,0,bllumanitoba,5415,12
2,bllumanitoba_5415_13,3,2,12,10,10000,2,0,bllumanitoba,5415,13
2,bllumanitoba_5415_13,3,5.61,6.93,1.32,1320,2,0,bllumanitoba,5415,13
2,bllumanitoba_5415_13,3,7.755,9.075,1.32,1320,2,0,bllumanitoba,5415,13
2,bllumanitoba_5415_14,6,2,4.95,2.95,2950,1,0,bllumanitoba,5415,14
2,bllumanitoba_5415_14,6,2,9.075,7.075,7075,1,0,bllumanitoba,5415,14
4,bllumanitoba_5415_2,7,2,12,10,10000,1,0,bllumanitoba,5415,2
7,bllumanitoba_5415_3,5,7.557,8.316,0.759,759,1,0,bllumanitoba,5415,3
7,bllumanitoba_5415_4,4,2,12,10,10000,0,0,bllumanitoba,5415,4
7,bllumanitoba_5415_5,4,2,12,10,10000,0,0,bllumanitoba,5415,5
2,bllumanitoba_5415_6,5,2,12,10,10000,1,0,bllumanitoba,5415,6
2,bllumanitoba_5415_7,6,2,11.055,9.055,9055,1,0,bllumanitoba,5415,7
2,bllumanitoba_5415_7,6,5.775,11.055,5.28,5280,1,0,bllumanitoba,5415,7
7,bllumanitoba_5415_8,5,2,2.706,0.706,706,1,0,bllumanitoba,5415,8
2,bllumanitoba_5415_9,6,2,12,10,10000,1,0,bllumanitoba,5415,9
2,bllumanitoba_5415_9,6,2,3.201,1.201,1201,1,0,bllumanitoba,5415,9
4,bllumanitoba_5416_1,4,2,12,10,10000,0,0,bllumanitoba,5416,1
4,bllumanitoba_5416_10,5,2,12,10,10000,1,0,bllumanitoba,5416,10
7,bllumanitoba_5416_11,4,2,12,10,10000,0,0,bllumanitoba,5416,11
4,bllumanitoba_5416_12,4,2,5.372,3.372,3372,2,1,bllumanitoba,5416,12
4,bllumanitoba_5416_12,3,5.403,12,6.597,6597,2,1,bllumanitoba,5416,12
4,bllumanitoba_5416_13,2,2,4.176,2.176,2176,1,0,bllumanitoba,5416,13
4,bllumanitoba_5416_13,5,4.192,7.68,3.488,3488,1,0,bllumanitoba,5416,13
4,bllumanitoba_5416_13,5,9.264,10.32,1.056,1056,1,0,bllumanitoba,5416,13
2,bllumanitoba_5416_14,4,8.085,11.235,3.15,3150,0,0,bllumanitoba,5416,14
2,bllumanitoba_5416_2,4,2,12,10,10000,0,0,bllumanitoba,5416,2
2,bllumanitoba_5416_3,4,2,12,10,10000,0,0,bllumanitoba,5416,3
2,bllumanitoba_5416_4,4,2,12,10,10000,0,0,bllumanitoba,5416,4
2,bllumanitoba_5416_5,4,2,12,10,10000,0,0,bllumanitoba,5416,5
7,bllumanitoba_5416_6,4,2,12,10,10000,0,0,bllumanitoba,5416,6
4,bllumanitoba_5416_7,4,2,12,10,10000,0,0,bllumanitoba,5416,7
2,bllumanitoba_5416_8,4,2,12,10,10000,0,0,bllumanitoba,5416,8
7,bllumanitoba_5416_9,4,2,12,10,10000,0,0,bllumanitoba,5416,9
4,bllumanitoba_5421_1,4,2,12,10,10000,0,1,bllumanitoba,5421,1
4,bllumanitoba_5421_2,4,2,6.864,4.864,4864,1,1,bllumanitoba,5421,2
4,bllumanitoba_5421_2,5,6.897,10.252,3.355,3355,1,1,bllumanitoba,5421,2
2,bllumanitoba_5421_3,4,2,12,10,10000,0,0,bllumanitoba,5421,3
7,bllumanitoba_5421_4,4,2,12,10,10000,0,0,bllumanitoba,5421,4
2,bllumanitoba_5421_5,4,2,12,10,10000,0,0,bllumanitoba,5421,5
7,bllumanitoba_5421_6,4,2,12,10,10000,0,0,bllumanitoba,5421,6
2,bllumanitoba_5421_7,4,2,12,10,10000,0,0,bllumanitoba,5421,7
2,bllumanitoba_5423_1,4,2,12,10,10000,0,0,bllumanitoba,5423,1
2,bllumanitoba_5423_2,4,2,12,10,10000,0,0,bllumanitoba,5423,2
7,bllumanitoba_5423_3,4,2,12,10,10000,0,0,bllumanitoba,5423,3
7,bllumanitoba_5423_4,4,2,12,10,10000,0,0,bllumanitoba,5423,4
2,bllumanitoba_5423_5,5,5.28,7.425,2.145,2145,1,0,bllumanitoba,5423,5
7,bllumanitoba_5423_6,5,11.385,12,0.615,615,1,0,bllumanitoba,5423,6
2,bllumanitoba_5423_7,4,2,12,10,10000,0,0,bllumanitoba,5423,7
2,bllumanitoba_5423_8,5,4.725,6.567,1.842,1842,1,0,bllumanitoba,5423,8
4,bllumanitoba_5427_1,4,2.505,9.57,7.065,7065,0,0,bllumanitoba,5427,1
7,bllumanitoba_5427_10,4,2,12,10,10000,0,0,bllumanitoba,5427,10
4,bllumanitoba_5427_11,5,3.408,4.448,1.04,1040,1,0,bllumanitoba,5427,11
2,bllumanitoba_5427_12,2,6.105,7.194,1.089,1089,2,0,bllumanitoba,5427,12
4,bllumanitoba_5427_13,4,2,3.795,1.795,1795,0,0,bllumanitoba,5427,13
4,bllumanitoba_5427_13,4,5.709,8.874,3.165,3165,0,0,bllumanitoba,5427,13
2,bllumanitoba_5427_2,4,2,12,10,10000,0,0,bllumanitoba,5427,2
2,bllumanitoba_5427_3,4,2,12,10,10000,0,0,bllumanitoba,5427,3
4,bllumanitoba_5427_4,4,2,4.4166,2.4166,2416.6,0,1,bllumanitoba,5427,4
2,bllumanitoba_5427_5,4,2,12,10,10000,0,0,bllumanitoba,5427,5
4,bllumanitoba_5427_6,4,2,12,10,10000,0,0,bllumanitoba,5427,6
7,bllumanitoba_5427_7,3,2,12,10,10000,2,0,bllumanitoba,5427,7
7,bllumanitoba_5427_8,4,2,12,10,10000,0,0,bllumanitoba,5427,8
4,bllumanitoba_5427_9,3,2.908,7.553,4.645,4645,2,0,bllumanitoba,5427,9
4,bllumanitoba_5427_9,4,7.775,8.637,0.862,862,2,0,bllumanitoba,5427,9
4,bllumanitoba_5427_9,3,10.857,12,1.143,1143,2,0,bllumanitoba,5427,9
4,bllumanitoba_5428_1,4,2,5.035,3.035,3035,1,0,bllumanitoba,5428,1
4,bllumanitoba_5428_1,6,5.082,12,6.918,6918,1,0,bllumanitoba,5428,1
7,bllumanitoba_5428_2,4,2,12,10,10000,0,0,bllumanitoba,5428,2
4,bllumanitoba_5428_3,5,2,6.172,4.172,4172,1,0,bllumanitoba,5428,3
4,bllumanitoba_5428_3,4,6.204,12,5.796,5796,1,0,bllumanitoba,5428,3
7,bllumanitoba_5428_4,4,2,12,10,10000,0,0,bllumanitoba,5428,4
7,bllumanitoba_5428_5,4,2,12,10,10000,0,0,bllumanitoba,5428,5
2,bllumanitoba_5428_6,4,2,12,10,10000,0,0,bllumanitoba,5428,6
4,bllumanitoba_5428_7,4,2,5.973,3.973,3973,1,0,bllumanitoba,5428,7
4,bllumanitoba_5428_7,5,6.006,10.23,4.224,4224,1,0,bllumanitoba,5428,7
7,bllumanitoba_5428_8,4,2,12,10,10000,0,0,bllumanitoba,5428,8
2,bllumanitoba_5429_1,4,2,12,10,10000,0,0,bllumanitoba,5429,1
2,bllumanitoba_5429_2,5,4.422,4.884,0.462,462,1,0,bllumanitoba,5429,2
4,bllumanitoba_5429_3,NA,NA,NA,0,0,NA,NA,bllumanitoba,5429,3
4,bllumanitoba_5429_4,4,2,8.976,6.976,6976,0,0,bllumanitoba,5429,4
4,bllumanitoba_5429_5,NA,NA,NA,0,0,NA,NA,bllumanitoba,5429,5
2,bllumanitoba_5429_6,6,2,3.927,1.927,1927,1,0,bllumanitoba,5429,6
7,bllumanitoba_5434_1,4,2,12,10,10000,0,0,bllumanitoba,5434,1
4,bllumanitoba_5434_10,4,2,12,10,10000,0,0,bllumanitoba,5434,10
7,bllumanitoba_5434_11,4,2,12,10,10000,0,0,bllumanitoba,5434,11
2,bllumanitoba_5434_12,4,2,12,10,10000,0,0,bllumanitoba,5434,12
7,bllumanitoba_5434_13,4,2,12,10,10000,0,0,bllumanitoba,5434,13
4,bllumanitoba_5434_14,4,2,10.131,8.131,8131,0,0,bllumanitoba,5434,14
2,bllumanitoba_5434_2,4,2,12,10,10000,0,0,bllumanitoba,5434,2
4,bllumanitoba_5434_3,4,2,12,10,10000,0,0,bllumanitoba,5434,3
2,bllumanitoba_5434_4,4,2,12,10,10000,0,0,bllumanitoba,5434,4
4,bllumanitoba_5434_5,4,2,12,10,10000,0,0,bllumanitoba,5434,5
7,bllumanitoba_5434_6,4,2,12,10,10000,0,0,bllumanitoba,5434,6
7,bllumanitoba_5434_7,4,2,12,10,10000,0,0,bllumanitoba,5434,7
4,bllumanitoba_5434_8,4,2,12,10,10000,0,0,bllumanitoba,5434,8
2,bllumanitoba_5434_9,4,2,12,10,10000,0,0,bllumanitoba,5434,9
4,bllumanitoba_5436_1,4,2,12,10,10000,0,0,bllumanitoba,5436,1
7,bllumanitoba_5436_10,4,2,12,10,10000,0,0,bllumanitoba,5436,10
4,bllumanitoba_5436_11,4,2,7.788,5.788,5788,0,0,bllumanitoba,5436,11
4,bllumanitoba_5436_11,4,9.367,12,2.633,2633,0,0,bllumanitoba,5436,11
7,bllumanitoba_5436_12,4,2,12,10,10000,0,0,bllumanitoba,5436,12
2,bllumanitoba_5436_13,3,4.323,5.445,1.122,1122,1,0,bllumanitoba,5436,13
2,bllumanitoba_5436_13,3,7.359,9.702,2.343,2343,1,0,bllumanitoba,5436,13
4,bllumanitoba_5436_14,4,2.376,9.498,7.122,7122,0,0,bllumanitoba,5436,14
7,bllumanitoba_5436_2,4,2,12,10,10000,0,0,bllumanitoba,5436,2
2,bllumanitoba_5436_3,4,2,12,10,10000,0,0,bllumanitoba,5436,3
2,bllumanitoba_5436_4,4,6.699,7.359,0.66,660,0,0,bllumanitoba,5436,4
2,bllumanitoba_5436_4,4,10.395,11.187,0.792,792,0,0,bllumanitoba,5436,4
4,bllumanitoba_5436_5,4,2,12,10,10000,0,0,bllumanitoba,5436,5
4,bllumanitoba_5436_6,4,2,12,10,10000,0,0,bllumanitoba,5436,6
2,bllumanitoba_5436_7,4,2,12,10,10000,0,0,bllumanitoba,5436,7
7,bllumanitoba_5436_8,4,2,12,10,10000,0,0,bllumanitoba,5436,8
2,bllumanitoba_5436_9,4,8.745,9.966,1.221,1221,0,0,bllumanitoba,5436,9
2,bllumanitoba_5437_1,4,2,12,10,10000,0,0,bllumanitoba,5437,1
2,bllumanitoba_5437_10,4,2,5.115,3.115,3115,0,0,bllumanitoba,5437,10
4,bllumanitoba_5437_11,4,2,12,10,10000,0,0,bllumanitoba,5437,11
2,bllumanitoba_5437_12,4,6.633,12,5.367,5367,0,0,bllumanitoba,5437,12
7,bllumanitoba_5437_13,4,2,12,10,10000,0,0,bllumanitoba,5437,13
4,bllumanitoba_5437_14,4,2,12,10,10000,0,0,bllumanitoba,5437,14
2,bllumanitoba_5437_2,4,2,12,10,10000,0,0,bllumanitoba,5437,2
7,bllumanitoba_5437_3,4,2,12,10,10000,0,0,bllumanitoba,5437,3
7,bllumanitoba_5437_4,4,2,12,10,10000,0,0,bllumanitoba,5437,4
4,bllumanitoba_5437_5,4,2,12,10,10000,0,0,bllumanitoba,5437,5
4,bllumanitoba_5437_6,4,2,12,10,10000,0,0,bllumanitoba,5437,6
4,bllumanitoba_5437_7,4,2,12,10,10000,0,0,bllumanitoba,5437,7
7,bllumanitoba_5437_8,4,2,12,10,10000,0,0,bllumanitoba,5437,8
7,bllumanitoba_5437_9,4,2,12,10,10000,0,0,bllumanitoba,5437,9
7,bllumanitoba_5438_1,4,2,12,10,10000,0,0,bllumanitoba,5438,1
4,bllumanitoba_5438_2,4,2,12,10,10000,0,0,bllumanitoba,5438,2
2,bllumanitoba_5438_3,4,2,12,10,10000,0,0,bllumanitoba,5438,3
4,bllumanitoba_5438_4,4,2,12,10,10000,0,0,bllumanitoba,5438,4
2,bllumanitoba_5438_5,4,2,12,10,10000,0,0,bllumanitoba,5438,5
7,bllumanitoba_5438_6,4,2,12,10,10000,0,0,bllumanitoba,5438,6
4,bllumanitoba_5438_7,4,2,12,10,10000,0,0,bllumanitoba,5438,7
2,bllumanitoba_5438_8,4,5.94,6.501,0.561,561,0,0,bllumanitoba,5438,8
2,bllumanitoba_5438_8,4,8.415,9.372,0.957,957,0,0,bllumanitoba,5438,8
2,bllumanitoba_5438_9,5,8.778,9.372,0.594,594,1,0,bllumanitoba,5438,9
2,bllumanitoba_5442_1,4,2,12,10,10000,0,0,bllumanitoba,5442,1
7,bllumanitoba_5442_10,4,2,12,10,10000,0,0,bllumanitoba,5442,10
2,bllumanitoba_5442_11,4,2,12,10,10000,0,0,bllumanitoba,5442,11
4,bllumanitoba_5442_12,4,2,12,10,10000,0,0,bllumanitoba,5442,12
2,bllumanitoba_5442_13,4,3.531,7.491,3.96,3960,0,0,bllumanitoba,5442,13
2,bllumanitoba_5442_14,4,2,12,10,10000,0,0,bllumanitoba,5442,14
4,bllumanitoba_5442_2,4,2,12,10,10000,0,0,bllumanitoba,5442,2
2,bllumanitoba_5442_3,4,8.976,10.857,1.881,1881,0,0,bllumanitoba,5442,3
2,bllumanitoba_5442_4,4,2,12,10,10000,0,0,bllumanitoba,5442,4
4,bllumanitoba_5442_5,4,2,10.297,8.297,8297,0,0,bllumanitoba,5442,5
2,bllumanitoba_5442_6,6,5.445,9.306,3.861,3861,1,0,bllumanitoba,5442,6
2,bllumanitoba_5442_6,6,6.171,10.56,4.389,4389,1,0,bllumanitoba,5442,6
4,bllumanitoba_5442_7,5,2,8.059,6.059,6059,1,0,bllumanitoba,5442,7
4,bllumanitoba_5442_8,3,2,12,10,10000,2,0,bllumanitoba,5442,8
2,bllumanitoba_5442_9,4,2,12,10,10000,0,0,bllumanitoba,5442,9
2,bllumanitoba_5443_1,4,2,12,10,10000,0,1,bllumanitoba,5443,1
7,bllumanitoba_5443_2,6,6.699,8.217,1.518,1518,1,0,bllumanitoba,5443,2
4,bllumanitoba_5443_3,4,6.303,12,5.697,5697,0,1,bllumanitoba,5443,3
2,bllumanitoba_5443_4,4,2,12,10,10000,0,0,bllumanitoba,5443,4
4,bllumanitoba_5443_5,4,7.055,9.768,2.713,2713,0,1,bllumanitoba,5443,5
7,bllumanitoba_5443_6,4,2,12,10,10000,0,0,bllumanitoba,5443,6
2,bllumanitoba_5450_1,4,2,6.699,4.699,4699,0,0,bllumanitoba,5450,1
4,bllumanitoba_5450_10,4,2,7.458,5.458,5458,1,0,bllumanitoba,5450,10
4,bllumanitoba_5450_10,6,7.492,12,4.508,4508,1,0,bllumanitoba,5450,10
4,bllumanitoba_5450_11,4,2,12,10,10000,0,0,bllumanitoba,5450,11
7,bllumanitoba_5450_12,4,2,12,10,10000,0,0,bllumanitoba,5450,12
7,bllumanitoba_5450_13,6,9.801,12,2.199,2199,1,0,bllumanitoba,5450,13
2,bllumanitoba_5450_14,5,10.032,11.694,1.662,1662,1,0,bllumanitoba,5450,14
2,bllumanitoba_5450_14,5,10.131,12,1.869,1869,1,0,bllumanitoba,5450,14
2,bllumanitoba_5450_2,5,7.26,7.92,0.66,660,1,0,bllumanitoba,5450,2
4,bllumanitoba_5450_3,4,2,10.822,8.822,8822,0,0,bllumanitoba,5450,3
7,bllumanitoba_5450_4,4,2,12,10,10000,0,0,bllumanitoba,5450,4
4,bllumanitoba_5450_5,4,2,12,10,10000,0,0,bllumanitoba,5450,5
4,bllumanitoba_5450_6,4,2,12,10,10000,0,0,bllumanitoba,5450,6
2,bllumanitoba_5450_7,6,7.59,10.23,2.64,2640,1,0,bllumanitoba,5450,7
7,bllumanitoba_5450_8,6,8.58,9.834,1.254,1254,1,0,bllumanitoba,5450,8
2,bllumanitoba_5450_9,5,7.722,8.25,0.528,528,1,0,bllumanitoba,5450,9
2,bllumanitoba_5453_1,4,2,12,10,10000,0,0,bllumanitoba,5453,1
4,bllumanitoba_5453_2,6,2,12,10,10000,1,0,bllumanitoba,5453,2
7,bllumanitoba_5453_3,4,2,12,10,10000,0,0,bllumanitoba,5453,3
4,bllumanitoba_5453_4,4,2,12,10,10000,0,0,bllumanitoba,5453,4
4,bllumanitoba_5453_5,4,2,12,10,10000,0,0,bllumanitoba,5453,5
2,bllumanitoba_5453_6,4,2,12,10,10000,0,0,bllumanitoba,5453,6
4,bllumanitoba_5463_1,4,2,12,10,10000,0,0,bllumanitoba,5463,1
4,bllumanitoba_5463_2,4,2,12,10,10000,0,1,bllumanitoba,5463,2
2,bllumanitoba_5463_3,4,2,12,10,10000,0,0,bllumanitoba,5463,3
7,bllumanitoba_5463_4,5,6.798,8.217,1.419,1419,1,0,bllumanitoba,5463,4
4,bllumanitoba_5463_5,NA,NA,NA,0,0,NA,NA,bllumanitoba,5463,5
7,bllumanitoba_5463_6,4,2,12,10,10000,0,0,bllumanitoba,5463,6
4,bllumanitoba_5463_7,4,2,12,10,10000,0,0,bllumanitoba,5463,7
7,bllumanitoba_5463_8,4,2,12,10,10000,0,0,bllumanitoba,5463,8
7,bllumanitoba_5463_9,4,2,12,10,10000,0,0,bllumanitoba,5463,9
5,infantcog21_8,3,9.078,9.537,0.459,459,2,0,infantcog_ubc,UBC_021,8
3,infantcog01_1,3,6.766,7.548,0.782,782,2,0,infantcog_ubc,UBC_001,1
3,infantcog01_1,3,8.908,11.662,2.754,2754,2,0,infantcog_ubc,UBC_001,1
6,infantcog01_2,4,2,12,10,10000,0,0,infantcog_ubc,UBC_001,2
2,infantcog01_3,3,2.278,3.196,0.918,918,2,1,infantcog_ubc,UBC_001,3
2,infantcog01_3,3,7.038,7.276,0.238,238,2,1,infantcog_ubc,UBC_001,3
2,infantcog01_3,5,3.672,3.808,0.136,136,2,1,infantcog_ubc,UBC_001,3
4,infantcog01_4,3,2.21,5.134,2.924,2924,2,0,infantcog_ubc,UBC_001,4
4,infantcog01_4,3,7.174,9.452,2.278,2278,2,0,infantcog_ubc,UBC_001,4
5,infantcog01_5,5,2.78,3.46,0.68,680,1,1,infantcog_ubc,UBC_001,5
5,infantcog01_5,6,10.57,12,1.43,1430,1,1,infantcog_ubc,UBC_001,5
5,infantcog01_5,3,9.96,10.37,0.41,410,1,1,infantcog_ubc,UBC_001,5
5,infantcog01_6,5,11.055,12,0.945,945,1,0,infantcog_ubc,UBC_001,6
7,infantcog01_7,5,9.996,10.846,0.85,850,1,0,infantcog_ubc,UBC_001,7
7,infantcog01_7,5,2,2.21,0.21,210,1,0,infantcog_ubc,UBC_001,7
4,infantcog01_8,3,3.729,5.94,2.211,2211,2,0,infantcog_ubc,UBC_001,8
3,infantcog02_1,4,3.3,12,8.7,8700,0,0,infantcog_ubc,UBC_002,1
8,infantcog02_3,3,5.406,8.228,2.822,2822,2,1,infantcog_ubc,UBC_002,3
8,infantcog02_3,3,8.67,9.18,0.51,510,2,1,infantcog_ubc,UBC_002,3
8,infantcog02_3,3,11.526,12,0.474,474,2,1,infantcog_ubc,UBC_002,3
7,infantcog02_4,5,11.418,11.715,0.297,297,1,0,infantcog_ubc,UBC_002,4
7,infantcog02_4,4,10.89,11.781,0.891,891,1,0,infantcog_ubc,UBC_002,4
3,infantcog02_5,3,6.765,9.319,2.554,2554,2,0,infantcog_ubc,UBC_002,5
5,infantcog02_6,3,5.181,7.392,2.211,2211,2,0,infantcog_ubc,UBC_002,6
8,infantcog02_6,3,2.006,11.39,9.384,9384,2,1,infantcog_ubc,UBC_002,6
5,infantcog02_7,6,5.082,6.798,1.716,1716,2,1,infantcog_ubc,UBC_002,7
5,infantcog02_7,4,11.583,11.946,0.363,363,2,1,infantcog_ubc,UBC_002,7
3,infantcog02_8,3,7.095,10.445,3.35,3350,2,1,infantcog_ubc,UBC_002,8
7,infantcog03_1,4,6.963,8.283,1.32,1320,0,0,infantcog_ubc,UBC_003,1
7,infantcog03_1,3,7.788,12,4.212,4212,0,0,infantcog_ubc,UBC_003,1
3,infantcog03_10,5,3.795,5.235,1.44,1440,1,1,infantcog_ubc,UBC_003,10
3,infantcog03_10,1,10.758,12,1.242,1242,1,1,infantcog_ubc,UBC_003,10
3,infantcog03_11,3,2.97,3.762,0.792,792,2,0,infantcog_ubc,UBC_003,11
3,infantcog03_11,3,5.973,6.798,0.825,825,2,0,infantcog_ubc,UBC_003,11
2,infantcog03_12,3,4.012,12,7.988,7988,2,0,infantcog_ubc,UBC_003,12
2,infantcog03_13,2,8.58,12,3.42,3420,2,0,infantcog_ubc,UBC_003,13
5,infantcog03_14,3,6.798,9.108,2.31,2310,2,1,infantcog_ubc,UBC_003,14
6,infantcog03_2,4,2,12,10,10000,0,0,infantcog_ubc,UBC_003,2
3,infantcog03_3,5,4.521,5.643,1.122,1122,2,0,infantcog_ubc,UBC_003,3
3,infantcog03_3,5,7.227,9.009,1.782,1782,2,0,infantcog_ubc,UBC_003,3
3,infantcog03_3,3,10.461,12,1.539,1539,2,0,infantcog_ubc,UBC_003,3
3,infantcog03_4,4,2,12,10,10000,0,0,infantcog_ubc,UBC_003,4
5,infantcog03_5,4,6.501,7.623,1.122,1122,0,1,infantcog_ubc,UBC_003,5
2,infantcog03_6,3,7.276,10.574,3.298,3298,2,0,infantcog_ubc,UBC_003,6
2,infantcog03_6,3,11.152,12,0.848,848,2,0,infantcog_ubc,UBC_003,6
1,infantcog03_7,3,3.264,4.93,1.666,1666,2,0,infantcog_ubc,UBC_003,7
1,infantcog03_7,5,11.694,12,0.306,306,2,0,infantcog_ubc,UBC_003,7
5,infantcog03_8,6,2.64,3.235,0.595,595,1,0,infantcog_ubc,UBC_003,8
5,infantcog03_8,6,11.385,11.748,0.363,363,1,0,infantcog_ubc,UBC_003,8
6,infantcog03_9,5,10.791,11.154,0.363,363,2,0,infantcog_ubc,UBC_003,9
6,infantcog03_9,2,11.253,12,0.747,747,2,0,infantcog_ubc,UBC_003,9
7,infantcog05_1,4,2,12,10,10000,0,0,infantcog_ubc,UBC_005,1
6,infantcog05_2,4,2,12,10,10000,0,0,infantcog_ubc,UBC_005,2
6,infantcog05_3,4,2,12,10,10000,0,0,infantcog_ubc,UBC_005,3
6,infantcog05_4,4,2,12,10,10000,0,0,infantcog_ubc,UBC_005,4
1,infantcog05_5,3,3.46,5.775,2.315,2315,2,0,infantcog_ubc,UBC_005,5
1,infantcog05_5,3,9.24,12,2.76,2760,2,0,infantcog_ubc,UBC_005,5
6,infantcog05_6,4,2,12,10,10000,0,0,infantcog_ubc,UBC_005,6
3,infantcog06_1,4,8.481,10,1.519,1519,0,0,infantcog_ubc,UBC_006,1
2,infantcog06_10,4,2,12,10,10000,0,0,infantcog_ubc,UBC_006,10
6,infantcog06_2,4,2,12,10,10000,0,0,infantcog_ubc,UBC_006,2
8,infantcog06_3,4,2.006,12,9.994,9994,0,0,infantcog_ubc,UBC_006,3
4,infantcog06_4,4,7.722,9.24,1.518,1518,0,0,infantcog_ubc,UBC_006,4
4,infantcog06_4,4,10.758,12,1.242,1242,0,0,infantcog_ubc,UBC_006,4
7,infantcog06_5,4,2,12,10,10000,0,0,infantcog_ubc,UBC_006,5
5,infantcog06_6,4,2,12,10,10000,0,0,infantcog_ubc,UBC_006,6
3,infantcog06_7,4,6.897,7.821,0.924,924,0,0,infantcog_ubc,UBC_006,7
6,infantcog06_8,4,2,12,10,10000,0,0,infantcog_ubc,UBC_006,8
5,infantcog06_9,4,2,12,10,10000,0,0,infantcog_ubc,UBC_006,9
7,infantcog16_1,4,2,12,10,10000,0,0,infantcog_ubc,UBC_016,1
7,infantcog16_1,3,2,3.993,1.993,1993,0,0,infantcog_ubc,UBC_016,1
6,infantcog16_10,4,2,12,10,10000,0,0,infantcog_ubc,UBC_016,10
4,infantcog16_11,3,2,4.129,2.129,2129,2,0,infantcog_ubc,UBC_016,11
4,infantcog16_11,4,4.23,12,7.77,7770,2,0,infantcog_ubc,UBC_016,11
6,infantcog16_13,3,5.28,9.075,3.795,3795,2,0,infantcog_ubc,UBC_016,13
3,infantcog16_2,4,7.59,12,4.41,4410,0,0,infantcog_ubc,UBC_016,2
2,infantcog16_3,4,2,12,10,10000,0,0,infantcog_ubc,UBC_016,3
2,infantcog16_4,4,2,12,10,10000,0,0,infantcog_ubc,UBC_016,4
5,infantcog16_5,2,2,12,10,10000,2,0,infantcog_ubc,UBC_016,5
8,infantcog16_6,3,4.752,5.775,1.023,1023,2,0,infantcog_ubc,UBC_016,6
8,infantcog16_6,3,6.6,10.626,4.026,4026,2,0,infantcog_ubc,UBC_016,6
5,infantcog16_7,2,2,12,10,10000,2,0,infantcog_ubc,UBC_016,7
2,infantcog16_8,4,2,12,10,10000,0,0,infantcog_ubc,UBC_016,8
5,infantcog16_9,2,2,12,10,10000,2,0,infantcog_ubc,UBC_016,9
6,infantcog17_1,3,4.851,9.438,4.587,4587,2,1,infantcog_ubc,UBC_017,1
6,infantcog17_1,5,9.636,10.098,0.462,462,2,1,infantcog_ubc,UBC_017,1
2,infantcog17_10,3,2,12,10,10000,2,0,infantcog_ubc,UBC_017,10
7,infantcog17_11,4,2,12,10,10000,0,0,infantcog_ubc,UBC_017,11
8,infantcog17_12,5,7.582,9.996,2.414,2414,1,1,infantcog_ubc,UBC_017,12
8,infantcog17_12,3,8.5,11.458,2.958,2958,1,1,infantcog_ubc,UBC_017,12
8,infantcog17_13,5,3.333,4.257,0.924,924,2,1,infantcog_ubc,UBC_017,13
8,infantcog17_13,3,7.029,9.636,2.607,2607,2,1,infantcog_ubc,UBC_017,13
8,infantcog17_2,2,3.09,12,8.91,8910,2,1,infantcog_ubc,UBC_017,2
7,infantcog17_3,5,2,12,10,10000,1,1,infantcog_ubc,UBC_017,3
7,infantcog17_4,4,2,12,10,10000,0,1,infantcog_ubc,UBC_017,4
4,infantcog17_5,6,2,12,10,10000,2,0,infantcog_ubc,UBC_017,5
3,infantcog17_6,3,9.306,9.547,0.241,241,2,0,infantcog_ubc,UBC_017,6
3,infantcog17_7,3,4,12,8,8000,2,1,infantcog_ubc,UBC_017,7
1,infantcog17_8,3,2,10.461,8.461,8461,2,1,infantcog_ubc,UBC_017,8
1,infantcog17_9,2,2.805,5.082,2.277,2277,2,1,infantcog_ubc,UBC_017,9
1,infantcog17_9,3,6.039,9.57,3.531,3531,2,1,infantcog_ubc,UBC_017,9
1,infantcog17_9,2,10.989,11.913,0.924,924,2,1,infantcog_ubc,UBC_017,9
3,infantcog18_1,4,2,12,10,10000,0,0,infantcog_ubc,UBC_018,1
3,infantcog18_1,3,5.511,6.369,0.858,858,0,0,infantcog_ubc,UBC_018,1
3,infantcog18_1,3,6.864,8.481,1.617,1617,0,0,infantcog_ubc,UBC_018,1
6,infantcog18_2,5,2.739,3.735,0.996,996,1,0,infantcog_ubc,UBC_018,2
6,infantcog18_2,5,11.583,12,0.417,417,1,0,infantcog_ubc,UBC_018,2
3,infantcog18_3,4,2,12,10,10000,0,0,infantcog_ubc,UBC_018,3
3,infantcog18_3,4,2.334,8.344,6.01,6010,0,0,infantcog_ubc,UBC_018,3
1,infantcog18_4,4,2,12,10,10000,0,0,infantcog_ubc,UBC_018,4
1,infantcog18_5,4,2,12,10,10000,0,0,infantcog_ubc,UBC_018,5
3,infantcog18_6,4,3.589,5.459,1.87,1870,0,0,infantcog_ubc,UBC_018,6
3,infantcog18_6,4,2,12,10,10000,0,0,infantcog_ubc,UBC_018,6
3,infantcog18_7,3,2,12,10,10000,2,0,infantcog_ubc,UBC_018,7
2,infantcog18_8,3,2.739,4.455,1.716,1716,2,0,infantcog_ubc,UBC_018,8
1,infantcog19_1,6,4.785,11.55,6.765,6765,1,0,infantcog_ubc,UBC_019,1
3,infantcog19_10,6,4.758,6.897,2.139,2139,1,0,infantcog_ubc,UBC_019,10
3,infantcog19_11,3,8.976,12,3.024,3024,2,0,infantcog_ubc,UBC_019,11
3,infantcog19_11,6,7.05,10,2.95,2950,2,0,infantcog_ubc,UBC_019,11
6,infantcog19_12,6,4.62,7.062,2.442,2442,1,1,infantcog_ubc,UBC_019,12
6,infantcog19_12,3,8.283,11.022,2.739,2739,1,1,infantcog_ubc,UBC_019,12
3,infantcog19_13,5,4.675,5.34,0.665,665,1,0,infantcog_ubc,UBC_019,13
3,infantcog19_13,7,11,12,1,1000,1,0,infantcog_ubc,UBC_019,13
4,infantcog19_2,7,3.993,8.646,4.653,4653,1,1,infantcog_ubc,UBC_019,2
4,infantcog19_2,6,9.438,9.933,0.495,495,1,1,infantcog_ubc,UBC_019,2
5,infantcog19_3,7,3.003,11.682,8.679,8679,1,0,infantcog_ubc,UBC_019,3
2,infantcog19_4,7,2,10,8,8000,1,0,infantcog_ubc,UBC_019,4
4,infantcog19_5,7,2,9.537,7.537,7537,1,1,infantcog_ubc,UBC_019,5
4,infantcog19_6,7,2.673,6.204,3.531,3531,2,0,infantcog_ubc,UBC_019,6
4,infantcog19_6,4,7.359,12,4.641,4641,2,0,infantcog_ubc,UBC_019,6
4,infantcog19_7,7,3.432,6.105,2.673,2673,1,0,infantcog_ubc,UBC_019,7
4,infantcog19_7,7,7.821,8.613,0.792,792,1,0,infantcog_ubc,UBC_019,7
1,infantcog19_8,5,3.498,4.917,1.419,1419,1,0,infantcog_ubc,UBC_019,8
1,infantcog19_8,6,5.643,8.646,3.003,3003,1,0,infantcog_ubc,UBC_019,8
5,infantcog19_9,5,4.752,6.699,1.947,1947,1,0,infantcog_ubc,UBC_019,9
3,infantcog21_1,4,2,12,10,10000,0,0,infantcog_ubc,UBC_021,1
7,infantcog21_2,4,5.478,6.006,0.528,528,0,0,infantcog_ubc,UBC_021,2
4,infantcog21_3,3,2,5.85,3.85,3850,2,0,infantcog_ubc,UBC_021,3
4,infantcog21_3,4,5.895,10.378,4.483,4483,2,0,infantcog_ubc,UBC_021,3
4,infantcog21_3,3,10.412,12,1.588,1588,2,0,infantcog_ubc,UBC_021,3
5,infantcog21_4,3,2,12,10,10000,2,0,infantcog_ubc,UBC_021,4
7,infantcog21_5,4,2,12,10,10000,0,0,infantcog_ubc,UBC_021,5
5,infantcog21_6,3,2,12,10,10000,2,0,infantcog_ubc,UBC_021,6
4,infantcog21_7,4,2,5.086,3.086,3086,0,0,infantcog_ubc,UBC_021,7
4,infantcog21_7,3,5.112,12,6.888,6888,0,0,infantcog_ubc,UBC_021,7
5,infantcog21_8,3,10.56,10.758,0.198,198,NA,NA,infantcog_ubc,UBC_021,8
5,infantcog21_8,3,11.253,11.649,0.396,396,NA,NA,infantcog_ubc,UBC_021,8
5,infantcog22_1,4,2,12,10,10000,0,0,infantcog_ubc,UBC_022,1
7,infantcog22_2,5,8.085,9.57,1.485,1485,1,0,infantcog_ubc,UBC_022,2
5,infantcog22_3,4,2,12,10,10000,0,0,infantcog_ubc,UBC_022,3
4,infantcog22_4,3,2,7.755,5.755,5755,2,1,infantcog_ubc,UBC_022,4
5,infantcog22_5,4,6.864,8.25,1.386,1386,0,0,infantcog_ubc,UBC_022,5
5,infantcog22_5,5,11.352,11.979,0.627,627,0,0,infantcog_ubc,UBC_022,5
6,infantcog22_6,3,4.884,7.227,2.343,2343,2,0,infantcog_ubc,UBC_022,6
6,infantcog22_6,3,11.748,12,0.252,252,2,0,infantcog_ubc,UBC_022,6
8,infantcog22_7,3,4.29,6.996,2.706,2706,2,1,infantcog_ubc,UBC_022,7
5,infantcog24_1,4,2,12,10,10000,0,0,infantcog_ubc,UBC_024,1
7,infantcog24_10,4,2,12,10,10000,0,0,infantcog_ubc,UBC_024,10
5,infantcog24_11,4,8.369,8.741,0.372,372,0,0,infantcog_ubc,UBC_024,11
4,infantcog24_12,2,2,4.712,2.712,2712,2,0,infantcog_ubc,UBC_024,12
4,infantcog24_12,4,4.768,6.023,1.255,1255,2,0,infantcog_ubc,UBC_024,12
4,infantcog24_12,4,8.442,9.627,1.185,1185,2,0,infantcog_ubc,UBC_024,12
2,infantcog24_13,1,2,8.25,6.25,6250,2,0,infantcog_ubc,UBC_024,13
1,infantcog24_14,2,3.267,8.745,5.478,5478,2,0,infantcog_ubc,UBC_024,14
7,infantcog24_2,5,3.003,3.531,0.528,528,1,0,infantcog_ubc,UBC_024,2
7,infantcog24_2,5,4.026,5.247,1.221,1221,1,0,infantcog_ubc,UBC_024,2
7,infantcog24_3,3,3.003,4.95,1.947,1947,2,0,infantcog_ubc,UBC_024,3
7,infantcog24_3,3,6.204,6.732,0.528,528,2,0,infantcog_ubc,UBC_024,3
7,infantcog24_3,3,7.326,9.999,2.673,2673,2,0,infantcog_ubc,UBC_024,3
5,infantcog24_4,4,2,12,10,10000,0,0,infantcog_ubc,UBC_024,4
8,infantcog24_5,5,10.296,10.923,0.627,627,1,1,infantcog_ubc,UBC_024,5
5,infantcog24_6,3,2,12,10,10000,2,0,infantcog_ubc,UBC_024,6
4,infantcog24_7,4,2,11.903,9.903,9903,0,0,infantcog_ubc,UBC_024,7
4,infantcog24_7,6,11.954,12,0.046,46,0,0,infantcog_ubc,UBC_024,7
2,infantcog24_8,6,10.131,12,1.869,1869,1,0,infantcog_ubc,UBC_024,8
6,infantcog24_9,3,6.237,6.798,0.561,561,2,1,infantcog_ubc,UBC_024,9
6,infantcog24_9,3,8.316,8.547,0.231,231,2,1,infantcog_ubc,UBC_024,9
6,infantcog24_9,3,8.712,9.009,0.297,297,2,1,infantcog_ubc,UBC_024,9
1,infantcog29_1,3,11.418,12,0.582,582,2,0,infantcog_ubc,UBC_029,1
1,infantcog29_2,4,2,12,10,10000,0,0,infantcog_ubc,UBC_029,2
4,infantcog29_3,4,2,12,10,10000,0,1,infantcog_ubc,UBC_029,3
7,infantcog29_4,3,3.564,8.192,4.628,4628,2,0,infantcog_ubc,UBC_029,4
7,infantcog29_4,3,8.419,10.032,1.613,1613,2,0,infantcog_ubc,UBC_029,4
7,infantcog29_4,4,10.593,10.956,0.363,363,2,0,infantcog_ubc,UBC_029,4
7,infantcog29_5,4,2,12,10,10000,0,0,infantcog_ubc,UBC_029,5
2,infantcog29_6,4,2,12,10,10000,0,1,infantcog_ubc,UBC_029,6
6,infantcog30_1,5,3.465,5.61,2.145,2145,1,0,infantcog_ubc,UBC_030,1
7,infantcog30_10,5,3.102,3.498,0.396,396,1,0,infantcog_ubc,UBC_030,10
7,infantcog30_11,5,2,12,10,10000,1,0,infantcog_ubc,UBC_030,11
6,infantcog30_12,5,3.762,4.95,1.188,1188,1,1,infantcog_ubc,UBC_030,12
2,infantcog30_13,4,2,12,10,10000,0,0,infantcog_ubc,UBC_030,13
4,infantcog30_14,4,2,12,10,10000,0,0,infantcog_ubc,UBC_030,14
1,infantcog30_2,4,2,12,10,10000,0,0,infantcog_ubc,UBC_030,2
2,infantcog30_3,4,2,12,10,10000,0,0,infantcog_ubc,UBC_030,3
6,infantcog30_4,4,2,12,10,10000,0,0,infantcog_ubc,UBC_030,4
8,infantcog30_5,4,2,12,10,10000,0,0,infantcog_ubc,UBC_030,5
3,infantcog30_6,4,2,12,10,10000,0,0,infantcog_ubc,UBC_030,6
6,infantcog30_7,5,10.197,10.857,0.66,660,1,0,infantcog_ubc,UBC_030,7
3,infantcog30_8,4,2,12,10,10000,0,0,infantcog_ubc,UBC_030,8
6,infantcog30_9,4,2,12,10,10000,0,1,infantcog_ubc,UBC_030,9
5,infantcog36_1,4,2,12,10,10000,0,0,infantcog_ubc,UBC_036,1
1,infantcog36_2,4,2,12,10,10000,0,0,infantcog_ubc,UBC_036,2
2,infantcog36_3,4,2,12,10,10000,0,1,infantcog_ubc,UBC_036,3
5,infantcog36_4,5,9.303,10.065,0.762,762,1,0,infantcog_ubc,UBC_036,4
5,infantcog36_4,6,10.791,12,1.209,1209,1,0,infantcog_ubc,UBC_036,4
5,infantcog36_5,5,11.154,12,0.846,846,1,0,infantcog_ubc,UBC_036,5
3,infantcog36_6,5,2.475,3.036,0.561,561,1,1,infantcog_ubc,UBC_036,6
3,infantcog36_6,5,3.63,4.455,0.825,825,1,1,infantcog_ubc,UBC_036,6
3,infantcog36_6,3,4.983,5.148,0.165,165,1,1,infantcog_ubc,UBC_036,6
3,infantcog36_6,5,5,5.445,0.445,445,1,1,infantcog_ubc,UBC_036,6
8,infantcog37_1,4,2,12,10,10000,0,0,infantcog_ubc,UBC_037,1
2,infantcog37_2,4,2,12,10,10000,0,0,infantcog_ubc,UBC_037,2
1,infantcog37_3,4,2,12,10,10000,0,0,infantcog_ubc,UBC_037,3
7,infantcog37_4,4,9.504,12,2.496,2496,0,0,infantcog_ubc,UBC_037,4
3,infantcog37_5,3,9.867,11.05,1.183,1183,2,0,infantcog_ubc,UBC_037,5
6,infantcog37_6,4,2,12,10,10000,0,0,infantcog_ubc,UBC_037,6
3,infantcog37_7,3,9.273,10.56,1.287,1287,2,0,infantcog_ubc,UBC_037,7
7,infantcog37_8,4,2,12,10,10000,0,0,infantcog_ubc,UBC_037,8
7,infantcog37_9,4,2,12,10,10000,0,0,infantcog_ubc,UBC_037,9
2,infantcog39_1,3,6.91,9.306,2.396,2396,2,0,infantcog_ubc,UBC_039,1
2,infantcog39_1,3,9.452,12,2.548,2548,2,0,infantcog_ubc,UBC_039,1
6,infantcog39_2,3,10.956,12,1.044,1044,2,1,infantcog_ubc,UBC_039,2
4,infantcog39_3,3,2,3.597,1.597,1597,2,1,infantcog_ubc,UBC_039,3
4,infantcog39_3,3,5.346,9.24,3.894,3894,2,1,infantcog_ubc,UBC_039,3
2,infantcog39_4,4,2,12,10,10000,0,1,infantcog_ubc,UBC_039,4
4,infantcog39_5,4,2,6.633,4.633,4633,0,1,infantcog_ubc,UBC_039,5
6,infantcog39_6,4,2,12,10,10000,0,0,infantcog_ubc,UBC_039,6
5,infantcog41_1,4,2,12,10,10000,0,0,infantcog_ubc,UBC_041,1
2,infantcog43_10,4,2,12,10,10000,0,0,infantcog_ubc,UBC_043,10
4,infantcog43_11,4,2,7.887,5.887,5887,0,1,infantcog_ubc,UBC_043,11
4,infantcog43_11,3,8.293,9.147,0.854,854,0,1,infantcog_ubc,UBC_043,11
7,infantcog43_12,4,2,12,10,10000,0,0,infantcog_ubc,UBC_043,12
4,infantcog43_2,4,2,12,10,10000,0,0,infantcog_ubc,UBC_043,2
2,infantcog43_3,3,6.392,7.514,1.122,1122,2,0,infantcog_ubc,UBC_043,3
7,infantcog43_4,4,2,12,10,10000,0,1,infantcog_ubc,UBC_043,4
8,infantcog43_5,4,2,12,10,10000,0,0,infantcog_ubc,UBC_043,5
3,infantcog43_6,4,2,12,10,10000,0,0,infantcog_ubc,UBC_043,6
3,infantcog43_7,4,2,12,10,10000,0,0,infantcog_ubc,UBC_043,7
4,infantcog43_8,4,2,12,10,10000,0,0,infantcog_ubc,UBC_043,8
3,infantcog43_9,4,2,12,10,10000,0,0,infantcog_ubc,UBC_043,9
1,infantcog45_1,5,11.121,12,0.879,879,1,0,infantcog_ubc,UBC_045,1
3,infantcog45_10,4,2,12,10,10000,0,0,infantcog_ubc,UBC_045,10
2,infantcog45_11,5,11.39,11.866,0.476,476,1,0,infantcog_ubc,UBC_045,11
1,infantcog45_12,4,2,12,10,10000,0,0,infantcog_ubc,UBC_045,12
2,infantcog45_13,4,2,12,10,10000,0,0,infantcog_ubc,UBC_045,13
1,infantcog45_14,4,2,12,10,10000,0,0,infantcog_ubc,UBC_045,14
7,infantcog45_2,4,2,12,10,10000,0,0,infantcog_ubc,UBC_045,2
1,infantcog45_3,6,10.461,12,1.539,1539,2,0,infantcog_ubc,UBC_045,3
2,infantcog45_4,5,9.146,11.186,2.04,2040,1,0,infantcog_ubc,UBC_045,4
7,infantcog45_5,4,2,12,10,10000,0,0,infantcog_ubc,UBC_045,5
6,infantcog45_6,5,11.187,11.583,0.396,396,1,0,infantcog_ubc,UBC_045,6
2,infantcog45_7,4,2,12,10,10000,0,0,infantcog_ubc,UBC_045,7
2,infantcog45_8,4,2,12,10,10000,0,0,infantcog_ubc,UBC_045,8
3,infantcog45_9,4,2,12,10,10000,0,0,infantcog_ubc,UBC_045,9
2,infantcog48_1,4,2,12,10,10000,0,0,infantcog_ubc,UBC_048,1
7,infantcog48_2,4,8.844,9.933,1.089,1089,0,0,infantcog_ubc,UBC_048,2
7,infantcog48_2,4,10.23,11.319,1.089,1089,0,0,infantcog_ubc,UBC_048,2
3,infantcog48_3,4,3.662,12,8.338,8338,0,0,infantcog_ubc,UBC_048,3
7,infantcog48_4,4,2,12,10,10000,0,0,infantcog_ubc,UBC_048,4
8,infantcog48_5,4,2,12,10,10000,0,1,infantcog_ubc,UBC_048,5
8,infantcog48_6,3,8.745,9.537,0.792,792,2,0,infantcog_ubc,UBC_048,6
3,infantcog48_7,4,2,12,10,10000,0,0,infantcog_ubc,UBC_048,7
6,infantcog51_1,4,2,12,10,10000,0,1,infantcog_ubc,UBC_051,1
1,infantcog51_2,3,2,4.224,2.224,2224,2,0,infantcog_ubc,UBC_051,2
8,infantcog51_3,4,2.2,12,9.8,9800,0,0,infantcog_ubc,UBC_051,3
5,infantcog51_4,5,9.834,10.527,0.693,693,1,0,infantcog_ubc,UBC_051,4
1,infantcog51_5,5,6.138,6.396,0.258,258,1,1,infantcog_ubc,UBC_051,5
5,infantcog51_6,4,2,12,10,10000,0,0,infantcog_ubc,UBC_051,6
7,infantcog53_1,4,2,12,10,10000,0,0,infantcog_ubc,UBC_053,1
6,infantcog53_10,4,2,12,10,10000,0,0,infantcog_ubc,UBC_053,10
2,infantcog53_2,4,2,12,10,10000,0,0,infantcog_ubc,UBC_053,2
6,infantcog53_3,4,2,12,10,10000,0,1,infantcog_ubc,UBC_053,3
7,infantcog53_4,4,7.326,8.811,1.485,1485,0,0,infantcog_ubc,UBC_053,4
5,infantcog53_5,4,11.022,11.55,0.528,528,0,0,infantcog_ubc,UBC_053,5
7,infantcog53_6,4,2,12,10,10000,0,0,infantcog_ubc,UBC_053,6
2,infantcog53_7,4,2.508,4.587,2.079,2079,0,0,infantcog_ubc,UBC_053,7
2,infantcog53_7,4,5.907,8.481,2.574,2574,0,0,infantcog_ubc,UBC_053,7
2,infantcog53_7,4,11.133,12,0.867,867,0,0,infantcog_ubc,UBC_053,7
7,infantcog53_8,4,3.894,4.884,0.99,990,0,0,infantcog_ubc,UBC_053,8
8,infantcog53_9,3,7.293,9.9,2.607,2607,1,1,infantcog_ubc,UBC_053,9
5,infantcog55_1,4,2,12,10,10000,0,0,infantcog_ubc,UBC_055,1
8,infantcog55_10,3,3.366,6.93,3.564,3564,2,0,infantcog_ubc,UBC_055,10
4,infantcog55_2,3,2,8.913,6.913,6913,2,0,infantcog_ubc,UBC_055,2
4,infantcog55_2,2,10.659,12,1.341,1341,2,0,infantcog_ubc,UBC_055,2
3,infantcog55_3,4,2,12,10,10000,0,0,infantcog_ubc,UBC_055,3
1,infantcog55_4,4,2,12,10,10000,0,0,infantcog_ubc,UBC_055,4
7,infantcog55_5,4,11.979,12,0.021,21,0,0,infantcog_ubc,UBC_055,5
4,infantcog55_6,3,2,5.973,3.973,3973,2,0,infantcog_ubc,UBC_055,6
4,infantcog55_6,2,6.435,9.636,3.201,3201,2,0,infantcog_ubc,UBC_055,6
1,infantcog55_7,3,9.603,10.693,1.09,1090,2,0,infantcog_ubc,UBC_055,7
7,infantcog55_8,3,3.465,5.379,1.914,1914,2,0,infantcog_ubc,UBC_055,8
6,infantcog55_9,4,2,12,10,10000,0,0,infantcog_ubc,UBC_055,9
2,infantcog56_1,4,2,12,10,10000,0,0,infantcog_ubc,UBC_056,1
8,infantcog56_2,3,3.762,8.547,4.785,4785,2,0,infantcog_ubc,UBC_056,2
8,infantcog56_2,3,9.999,10.56,0.561,561,2,0,infantcog_ubc,UBC_056,2
3,infantcog56_3,4,2,12,10,10000,0,0,infantcog_ubc,UBC_056,3
4,infantcog56_4,3,2,5.327,3.327,3327,2,0,infantcog_ubc,UBC_056,4
4,infantcog56_4,2,5.987,12,6.013,6013,2,0,infantcog_ubc,UBC_056,4
5,infantcog56_5,4,2,12,10,10000,0,0,infantcog_ubc,UBC_056,5
3,infantcog56_6,5,3.411,9.463,6.052,6052,1,0,infantcog_ubc,UBC_056,6
3,infantcog56_6,4,10.392,12,1.608,1608,1,0,infantcog_ubc,UBC_056,6
1,infantcog56_7,4,2,12,10,10000,0,0,infantcog_ubc,UBC_056,7
5,infantcog57_1,3,2,12,10,10000,2,0,infantcog_ubc,UBC_057,1
3,infantcog57_2,4,2,12,10,10000,0,0,infantcog_ubc,UBC_057,2
1,infantcog57_3,4,2,12,10,10000,0,0,infantcog_ubc,UBC_057,3
1,infantcog57_4,4,2,12,10,10000,0,0,infantcog_ubc,UBC_057,4
2,infantcog57_5,4,2,12,10,10000,0,0,infantcog_ubc,UBC_057,5
6,infantcog57_6,4,2,12,10,10000,0,0,infantcog_ubc,UBC_057,6
8,infantcog58_1,4,2,12,10,10000,0,0,infantcog_ubc,UBC_058,1
2,infantcog58_10,4,2,12,10,10000,0,0,infantcog_ubc,UBC_058,10
4,infantcog58_11,4,2,11.126,9.126,9126,0,0,infantcog_ubc,UBC_058,11
7,infantcog58_12,6,10.197,12,1.803,1803,1,0,infantcog_ubc,UBC_058,12
1,infantcog58_2,4,2,12,10,10000,0,0,infantcog_ubc,UBC_058,2
7,infantcog58_3,5,2.013,2.409,0.396,396,1,0,infantcog_ubc,UBC_058,3
7,infantcog58_4,5,5.478,6.743,1.265,1265,1,0,infantcog_ubc,UBC_058,4
3,infantcog58_5,4,2,12,10,10000,0,0,infantcog_ubc,UBC_058,5
2,infantcog58_6,4,8.534,10.846,2.312,2312,0,0,infantcog_ubc,UBC_058,6
2,infantcog58_6,4,11.152,11.832,0.68,680,0,0,infantcog_ubc,UBC_058,6
8,infantcog58_7,5,2.013,2.442,0.429,429,1,0,infantcog_ubc,UBC_058,7
8,infantcog58_7,5,6.732,7.953,1.221,1221,1,0,infantcog_ubc,UBC_058,7
8,infantcog58_7,5,11.418,12,0.582,582,1,0,infantcog_ubc,UBC_058,7
4,infantcog58_8,4,2,6.369,4.369,4369,0,0,infantcog_ubc,UBC_058,8
4,infantcog58_8,3,7.425,10.725,3.3,3300,0,0,infantcog_ubc,UBC_058,8
1,infantcog58_9,4,2,12,10,10000,0,0,infantcog_ubc,UBC_058,9
7,infantcog01_7,3,9.486,9.724,0.238,238,NA,NA,infantcog_ubc,UBC_001,7
5,princetonbabylab12_8,5,11.253,12,0.747,747,1,0,princetonbabylab,p12,8
8,princetonbabylab01_2,4,2,12,10,10000,0,0,princetonbabylab,p01,2
8,princetonbabylab01_8,4,2,10.758,8.758,8758,0,0,princetonbabylab,p01,8
8,princetonbabylab01_8,5,10.758,11.253,0.495,495,0,0,princetonbabylab,p01,8
8,princetonbabylab01_9,3,6.996,8.25,1.254,1254,1,0,princetonbabylab,p01,9
8,princetonbabylab01_9,5,10.428,10.758,0.33,330,1,0,princetonbabylab,p01,9
8,princetonbabylab03_3,5,6.138,7.128,0.99,990,1,1,princetonbabylab,p03,3
8,princetonbabylab04_10,2,6.666,9.471,2.805,2805,2,0,princetonbabylab,p04,10
8,princetonbabylab04_10,2,10.098,10.989,0.891,891,2,0,princetonbabylab,p04,10
8,princetonbabylab05_6,5,3.168,5.445,2.277,2277,1,1,princetonbabylab,p05,6
8,princetonbabylab05_6,5,10.791,11.088,0.297,297,1,1,princetonbabylab,p05,6
8,princetonbabylab06_1,3,4.653,7.128,2.475,2475,1,1,princetonbabylab,p06,1
8,princetonbabylab06_2,3,2.211,3.96,1.749,1749,1,1,princetonbabylab,p06,2
5,princetonbabylab06_7,4,2,12,10,10000,0,0,princetonbabylab,p06,7
5,princetonbabylab06_9,4,2,12,10,10000,0,0,princetonbabylab,p06,9
8,princetonbabylab07_2,4,2,12,10,10000,0,1,princetonbabylab,p07,2
8,princetonbabylab07_3,4,2,11.187,9.187,9187,0,1,princetonbabylab,p07,3
8,princetonbabylab07_3,3,11.187,12,0.813,813,0,1,princetonbabylab,p07,3
8,princetonbabylab07_4,4,2,12,10,10000,0,1,princetonbabylab,p07,4
5,princetonbabylab08_1,4,2,12,10,10000,0,0,princetonbabylab,p08,1
8,princetonbabylab08_13,4,2,12,10,10000,0,0,princetonbabylab,p08,13
5,princetonbabylab08_3,4,2,12,10,10000,0,0,princetonbabylab,p08,3
8,princetonbabylab09_10,4,2,12,10,10000,0,1,princetonbabylab,p09,10
8,princetonbabylab09_11,3,10.362,10.923,0.561,561,2,0,princetonbabylab,p09,11
8,princetonbabylab09_2,4,2,12,10,10000,0,0,princetonbabylab,p09,2
5,princetonbabylab09_5,5,6.765,7.359,0.594,594,1,0,princetonbabylab,p09,5
5,princetonbabylab09_7,3,2,12,10,10000,2,0,princetonbabylab,p09,7
5,princetonbabylab10_2,4,3.102,3.729,0.627,627,0,0,princetonbabylab,p10,2
5,princetonbabylab10_3,4,2,12,10,10000,0,0,princetonbabylab,p10,3
5,princetonbabylab11_12,4,6.963,8.349,1.386,1386,0,1,princetonbabylab,p11,12
6,princetonbabylab11_12,4,2,12,10,10000,0,1,princetonbabylab,p11,12
8,princetonbabylab11_3,4,2,12,10,10000,0,1,princetonbabylab,p11,3
8,princetonbabylab11_5,4,2,12,10,10000,0,1,princetonbabylab,p11,5
5,princetonbabylab13_10,3,2,2.28,0.28,280,2,0,princetonbabylab,p13,10
5,princetonbabylab13_10,3,5.131,5.58,0.449,449,2,0,princetonbabylab,p13,10
5,princetonbabylab13_3,4,7.127,8.058,0.931,931,0,0,princetonbabylab,p13,3
8,princetonbabylab13_4,3,2.211,3.003,0.792,792,1,0,princetonbabylab,p13,4
8,princetonbabylab13_8,4,2,12,10,10000,0,1,princetonbabylab,p13,8
5,princetonbabylab14_1,5,4.112,4.733,0.621,621,2,0,princetonbabylab,p14,1
8,princetonbabylab14_2,4,2,12,10,10000,0,0,princetonbabylab,p14,2
8,princetonbabylab14_4,3,2.541,5.082,2.541,2541,2,1,princetonbabylab,p14,4
8,princetonbabylab14_4,3,9.174,9.966,0.792,792,2,1,princetonbabylab,p14,4
8,princetonbabylab14_4,3,11.154,11.88,0.726,726,2,1,princetonbabylab,p14,4
5,princetonbabylab14_7,4,2,12,10,10000,0,0,princetonbabylab,p14,7
8,princetonbabylab15_1,3,2.409,5.412,3.003,3003,2,0,princetonbabylab,p15,1
8,princetonbabylab15_1,3,8.679,9.768,1.089,1089,2,0,princetonbabylab,p15,1
8,princetonbabylab15_1,3,10.461,10.89,0.429,429,2,0,princetonbabylab,p15,1
8,princetonbabylab15_4,3,5.478,6.204,0.726,726,2,0,princetonbabylab,p15,4
8,princetonbabylab15_4,3,9.636,10.296,0.66,660,2,0,princetonbabylab,p15,4
8,princetonbabylab15_8,5,2.904,4.389,1.485,1485,1,1,princetonbabylab,p15,8
8,princetonbabylab16_10,NA,NA,NA,0,0,NA,NA,princetonbabylab,p16,10
5,princetonbabylab16_3,NA,NA,NA,0,0,NA,NA,princetonbabylab,p16,3
5,princetonbabylab16_6,NA,NA,NA,0,0,NA,NA,princetonbabylab,p16,6
8,princetonbabylab16_7,NA,NA,NA,0,0,NA,NA,princetonbabylab,p16,7
8,princetonbabylab17_11,3,2.409,2.805,0.396,396,1,1,princetonbabylab,p17,11
8,princetonbabylab17_11,4,2.805,12,9.195,9195,1,1,princetonbabylab,p17,11
5,princetonbabylab17_7,4,2,12,10,10000,0,0,princetonbabylab,p17,7
8,princetonbabylab17_8,3,6.897,10.923,4.026,4026,1,1,princetonbabylab,p17,8
5,princetonbabylab18_2,4,2,12,10,10000,0,0,princetonbabylab,p18,2
3,princetonbabaylab13_5,4,2,12,10,10000,0,0,princetonbabylab,pb1,_5
3,princetonbabaylab18_1,3,5.76,7.6,1.84,1840,2,0,princetonbabylab,pb1,_1
3,princetonbabylab01_1,4,2,12,10,10000,0,0,princetonbabylab,p01,1
5,princetonbabylab01_10,4,5.082,5.802,0.72,720,0,0,princetonbabylab,p01,10
7,princetonbabylab01_10,4,2,12,10,10000,0,0,princetonbabylab,p01,10
4,princetonbabylab01_12,4,2,10.824,8.824,8824,0,0,princetonbabylab,p01,12
4,princetonbabylab01_12,6,10.857,12,1.143,1143,0,0,princetonbabylab,p01,12
2,princetonbabylab01_13,5,11.44,12,0.56,560,1,0,princetonbabylab,p01,13
2,princetonbabylab01_14,5,11.52,12,0.48,480,1,0,princetonbabylab,p01,14
2,princetonbabylab01_3,4,8.92,10.52,1.6,1600,0,0,princetonbabylab,p01,3
1,princetonbabylab01_4,4,2,12,10,10000,0,0,princetonbabylab,p01,4
5,princetonbabylab01_5,4,2,12,10,10000,0,0,princetonbabylab,p01,5
1,princetonbabylab01_6,4,2,12,10,10000,0,0,princetonbabylab,p01,6
3,princetonbabylab01_7,4,3.12,3.4,0.28,280,0,0,princetonbabylab,p01,7
3,princetonbabylab01_7,4,10.28,12,1.72,1720,0,0,princetonbabylab,p01,7
5,princetonbabylab03_1,4,2,12,10,10000,0,0,princetonbabylab,p03,1
6,princetonbabylab03_2,6,5.576,8.382,2.806,2806,1,0,princetonbabylab,p03,2
5,princetonbabylab03_4,5,11.814,12,0.186,186,2,0,princetonbabylab,p03,4
4,princetonbabylab03_5,4,4.125,10,5.875,5875,0,0,princetonbabylab,p03,5
3,princetonbabylab03_6,4,2,12,10,10000,0,0,princetonbabylab,p03,6
1,princetonbabylab04_1,3,4.158,5.016,0.858,858,2,0,princetonbabylab,p04,1
1,princetonbabylab04_1,3,9.504,10.197,0.693,693,2,0,princetonbabylab,p04,1
7,princetonbabylab04_11,3,2,12,10,10000,2,0,princetonbabylab,p04,11
6,princetonbabylab04_12,1,2,2.64,0.64,640,2,0,princetonbabylab,p04,12
6,princetonbabylab04_12,1,4.29,9.801,5.511,5511,2,0,princetonbabylab,p04,12
6,princetonbabylab04_12,1,11.484,12,0.516,516,2,0,princetonbabylab,p04,12
6,princetonbabylab04_2,4,2,12,10,10000,0,1,princetonbabylab,p04,2
4,princetonbabylab04_3,4,2,10,8,8000,0,1,princetonbabylab,p04,3
3,princetonbabylab04_4,4,10.56,12,1.44,1440,0,0,princetonbabylab,p04,4
4,princetonbabylab04_5,4,2,7.512,5.512,5512,0,1,princetonbabylab,p04,5
4,princetonbabylab04_5,5,9.849,10,0.151,151,0,1,princetonbabylab,p04,5
6,princetonbabylab04_6,3,6.699,8.184,1.485,1485,2,0,princetonbabylab,p04,6
6,princetonbabylab04_6,5,8.448,8.679,0.231,231,2,0,princetonbabylab,p04,6
4,princetonbabylab04_7,2,2,4.235,2.235,2235,2,0,princetonbabylab,p04,7
4,princetonbabylab04_7,3,4.385,5.217,0.832,832,2,0,princetonbabylab,p04,7
4,princetonbabylab04_7,4,5.337,12,6.663,6663,2,0,princetonbabylab,p04,7
2,princetonbabylab04_8,6,2,8.28,6.28,6280,1,0,princetonbabylab,p04,8
2,princetonbabylab04_8,6,2.2,4.48,2.28,2280,1,0,princetonbabylab,p04,8
1,princetonbabylab04_9,3,7.425,8.697,1.272,1272,2,0,princetonbabylab,p04,9
1,princetonbabylab04_9,5,11.583,12,0.417,417,2,0,princetonbabylab,p04,9
2,princetonbabylab05_1,4,2,12,10,10000,0,0,princetonbabylab,p05,1
3,princetonbabylab05_2,3,4.96,6.6,1.64,1640,2,1,princetonbabylab,p05,2
3,princetonbabylab05_2,5,9.64,11.04,1.4,1400,2,1,princetonbabylab,p05,2
5,princetonbabylab05_3,4,2,12,10,10000,0,0,princetonbabylab,p05,3
6,princetonbabylab05_4,4,2,12,10,10000,0,0,princetonbabylab,p05,4
4,princetonbabylab05_5,4,2,10,8,8000,0,0,princetonbabylab,p05,5
4,princetonbabylab05_7,4,2,12,10,10000,0,0,princetonbabylab,p05,7
7,princetonbabylab05_8,4,2,12,10,10000,0,0,princetonbabylab,p05,8
7,princetonbabylab06_10,4,2,12,10,10000,0,0,princetonbabylab,p06,10
2,princetonbabylab06_11,3,2,9.64,7.64,7640,2,0,princetonbabylab,p06,11
6,princetonbabylab06_12,3,2,5.511,3.511,3511,2,0,princetonbabylab,p06,12
6,princetonbabylab06_13,3,2.541,9.009,6.468,6468,2,0,princetonbabylab,p06,13
7,princetonbabylab06_14,4,2,12,10,10000,0,0,princetonbabylab,p06,14
6,princetonbabylab06_2,3,3.003,4.719,1.716,1716,2,0,princetonbabylab,p06,2
5,princetonbabylab06_3,4,2,12,10,10000,0,0,princetonbabylab,p06,3
6,princetonbabylab06_4,3,3.564,6.105,2.541,2541,2,0,princetonbabylab,p06,4
6,princetonbabylab06_4,3,8.085,9.075,0.99,990,2,0,princetonbabylab,p06,4
5,princetonbabylab06_5,5,9.08,9.472,0.392,392,2,0,princetonbabylab,p06,5
1,princetonbabylab06_8,3,4.62,6.171,1.551,1551,2,0,princetonbabylab,p06,8
1,princetonbabylab06_8,3,9.702,10.062,0.36,360,2,0,princetonbabylab,p06,8
6,princetonbabylab07_1,3,6.699,8.778,2.079,2079,2,1,princetonbabylab,p07,1
7,princetonbabylab07_5,3,5.676,7.029,1.353,1353,2,0,princetonbabylab,p07,5
7,princetonbabylab07_5,3,8.976,10.032,1.056,1056,2,0,princetonbabylab,p07,5
2,princetonbabylab07_6,3,2,2.68,0.68,680,2,1,princetonbabylab,p07,6
7,princetonbabylab08_10,4,2,12,10,10000,0,0,princetonbabylab,p08,10
6,princetonbabylab08_11,4,2,12,10,10000,0,1,princetonbabylab,p08,11
3,princetonbabylab08_12,4,2,12,10,10000,0,0,princetonbabylab,p08,12
3,princetonbabylab08_12,6,3.52,4.4,0.88,880,0,0,princetonbabylab,p08,12
3,princetonbabylab08_12,5,11.36,12,0.64,640,0,0,princetonbabylab,p08,12
6,princetonbabylab08_14,4,2,12,10,10000,0,0,princetonbabylab,p08,14
6,princetonbabylab08_2,5,11.121,11.649,0.528,528,1,1,princetonbabylab,p08,2
6,princetonbabylab08_4,4,2,12,10,10000,0,1,princetonbabylab,p08,4
4,princetonbabylab08_5,4,2,12,10,10000,0,0,princetonbabylab,p08,5
6,princetonbabylab08_6,5,2,2.409,0.409,409,1,1,princetonbabylab,p08,6
6,princetonbabylab08_6,5,6.468,6.864,0.396,396,1,1,princetonbabylab,p08,6
6,princetonbabylab08_7,5,2,2.442,0.442,442,1,0,princetonbabylab,p08,7
6,princetonbabylab08_7,5,5.907,7.062,1.155,1155,1,0,princetonbabylab,p08,7
1,princetonbabylab08_8,4,2,12,10,10000,0,1,princetonbabylab,p08,8
1,princetonbabylab08_9,4,2,12,10,10000,0,1,princetonbabylab,p08,9
7,princetonbabylab09_1,4,2,12,10,10000,0,0,princetonbabylab,p09,1
1,princetonbabylab09_12,2,2,2.805,0.805,805,2,0,princetonbabylab,p09,12
1,princetonbabylab09_12,2,5.544,7.722,2.178,2178,2,0,princetonbabylab,p09,12
1,princetonbabylab09_12,2,9.141,9.57,0.429,429,2,0,princetonbabylab,p09,12
1,princetonbabylab09_12,2,10.263,10.857,0.594,594,2,0,princetonbabylab,p09,12
2,princetonbabylab09_14,2,2,3.48,1.48,1480,2,0,princetonbabylab,p09,14
2,princetonbabylab09_14,2,4,12,8,8000,2,0,princetonbabylab,p09,14
7,princetonbabylab09_3,4,2,12,10,10000,0,0,princetonbabylab,p09,3
4,princetonbabylab09_4,7,2,2.277,0.277,277,1,0,princetonbabylab,p09,4
4,princetonbabylab09_4,4,2.376,12,9.624,9624,1,0,princetonbabylab,p09,4
6,princetonbabylab09_6,3,9.669,11.385,1.716,1716,2,1,princetonbabylab,p09,6
1,princetonbabylab09_8,2,10.263,11.022,0.759,759,2,0,princetonbabylab,p09,8
2,princetonbabylab09_9,5,10.6,12,1.4,1400,1,1,princetonbabylab,p09,9
1,princetonbabylab10_1,3,2.541,8.184,5.643,5643,2,1,princetonbabylab,p10,1
2,princetonbabylab10_4,4,2,12,10,10000,0,0,princetonbabylab,p10,4
3,princetonbabylab10_5,3,3.36,7.16,3.8,3800,2,1,princetonbabylab,p10,5
3,princetonbabylab10_5,2,8.68,12,3.32,3320,2,1,princetonbabylab,p10,5
6,princetonbabylab10_6,3,3.564,10.758,7.194,7194,2,1,princetonbabylab,p10,6
7,princetonbabylab11_1,4,2,12,10,10000,0,0,princetonbabylab,p11,1
7,princetonbabylab11_10,4,2,12,10,10000,0,0,princetonbabylab,p11,10
7,princetonbabylab11_10,4,2,12,10,10000,0,0,princetonbabylab,p11,10
7,princetonbabylab11_11,4,2,12,10,10000,0,1,princetonbabylab,p11,11
7,princetonbabylab11_11,4,2,12,10,10000,0,1,princetonbabylab,p11,11
2,princetonbabylab11_2,5,4.88,5.8,0.92,920,1,0,princetonbabylab,p11,2
2,princetonbabylab11_2,5,10.32,12,1.68,1680,1,0,princetonbabylab,p11,2
2,princetonbabylab11_4,4,4.587,9.504,4.917,4917,0,1,princetonbabylab,p11,4
2,princetonbabylab11_4,4,10.989,12,1.011,1011,0,1,princetonbabylab,p11,4
2,princetonbabylab11_6,4,4.224,8.25,4.026,4026,0,0,princetonbabylab,p11,6
2,princetonbabylab11_6,4,5.544,12,6.456,6456,0,0,princetonbabylab,p11,6
2,princetonbabylab11_7,5,2.68,9.6,6.92,6920,1,1,princetonbabylab,p11,7
1,princetonbabylab11_8,3,5.511,8.349,2.838,2838,2,1,princetonbabylab,p11,8
7,princetonbabylab11_9,4,2,12,10,10000,0,0,princetonbabylab,p11,9
7,princetonbabylab11_9,4,2,12,10,10000,0,0,princetonbabylab,p11,9
4,princetonbabylab12_1,4,2,12,10,10000,0,0,princetonbabylab,p12,1
2,princetonbabylab12_2,4,11.08,11.28,0.2,200,0,0,princetonbabylab,p12,2
7,princetonbabylab12_3,4,2,12,10,10000,0,0,princetonbabylab,p12,3
1,princetonbabylab12_4,5,11.385,12,0.615,615,1,1,princetonbabylab,p12,4
1,princetonbabylab12_5,5,11.22,12,0.78,780,1,0,princetonbabylab,p12,5
7,princetonbabylab12_6,5,2,12,10,10000,2,0,princetonbabylab,p12,6
1,princetonbabylab12_7,5,10.956,12,1.044,1044,1,0,princetonbabylab,p12,7
6,princetonbabylab12_9,5,11.913,12,0.087,87,1,0,princetonbabylab,p12,9
1,princetonbabylab13_1,3,3.003,8.448,5.445,5445,2,0,princetonbabylab,p13,1
3,princetonbabylab13_11,4,2,12,10,10000,0,0,princetonbabylab,p13,11
7,princetonbabylab13_12,4,2,12,10,10000,0,0,princetonbabylab,p13,12
1,princetonbabylab13_13,4,2,12,10,10000,0,0,princetonbabylab,p13,13
7,princetonbabylab13_14,4,6.006,8.481,2.475,2475,0,0,princetonbabylab,p13,14
3,princetonbabylab13_2,4,2,12,10,10000,0,0,princetonbabylab,p13,2
2,princetonbabylab13_6,5,5.76,12,6.24,6240,1,1,princetonbabylab,p13,6
2,princetonbabylab13_7,5,2.88,3.92,1.04,1040,1,0,princetonbabylab,p13,7
2,princetonbabylab13_7,5,7.48,8.92,1.44,1440,1,0,princetonbabylab,p13,7
6,princetonbabylab13_9,4,2,12,10,10000,0,0,princetonbabylab,p13,9
3,princetonbabylab14_3,3,2,12,10,10000,2,0,princetonbabylab,p14,3
7,princetonbabylab14_5,4,2,12,10,10000,0,0,princetonbabylab,p14,5
2,princetonbabylab14_6,4,2,12,10,10000,0,0,princetonbabylab,p14,6
3,princetonbabylab14_8,6,4,9.4,5.4,5400,1,1,princetonbabylab,p14,8
7,princetonbabylab15_10,4,2,12,10,10000,0,0,princetonbabylab,p15,10
4,princetonbabylab15_2,3,2,7.586,5.586,5586,2,1,princetonbabylab,p15,2
4,princetonbabylab15_2,4,7.628,12,4.372,4372,2,1,princetonbabylab,p15,2
2,princetonbabylab15_3,4,4.56,7,2.44,2440,0,0,princetonbabylab,p15,3
6,princetonbabylab15_5,4,2,12,10,10000,0,0,princetonbabylab,p15,5
7,princetonbabylab15_6,5,6.699,11.418,4.719,4719,1,0,princetonbabylab,p15,6
6,princetonbabylab15_7,5,2,3.564,1.564,1564,1,1,princetonbabylab,p15,7
6,princetonbabylab15_7,5,11.385,12,0.615,615,1,1,princetonbabylab,p15,7
7,princetonbabylab15_9,4,5.313,6.039,0.726,726,0,0,princetonbabylab,p15,9
4,princetonbabylab16_1,2,2,12,10,10000,2,0,princetonbabylab,p16,1
3,princetonbabylab16_11,4,2,12,10,10000,0,0,princetonbabylab,p16,11
4,princetonbabylab16_12,3,2,12,10,10000,2,0,princetonbabylab,p16,12
7,princetonbabylab16_2,4,2,12,10,10000,0,0,princetonbabylab,p16,2
3,princetonbabylab16_4,2,2,12,10,10000,2,0,princetonbabylab,p16,4
6,princetonbabylab16_5,3,2,12,10,10000,2,0,princetonbabylab,p16,5
7,princetonbabylab16_8,4,2,12,10,10000,0,0,princetonbabylab,p16,8
1,princetonbabylab16_9,3,2,12,10,10000,2,0,princetonbabylab,p16,9
7,princetonbabylab17_1,4,2,12,10,10000,0,0,princetonbabylab,p17,1
7,princetonbabylab17_10,4,2,12,10,10000,0,0,princetonbabylab,p17,10
7,princetonbabylab17_12,4,2,12,10,10000,0,1,princetonbabylab,p17,12
6,princetonbabylab17_13,3,2.739,3.861,1.122,1122,2,0,princetonbabylab,p17,13
3,princetonbabylab17_14,4,2.8,7.92,5.12,5120,0,1,princetonbabylab,p17,14
3,princetonbabylab17_14,6,9.92,10.32,0.4,400,0,1,princetonbabylab,p17,14
3,princetonbabylab17_2,5,3,6.32,3.32,3320,1,0,princetonbabylab,p17,2
3,princetonbabylab17_2,5,6.68,7.28,0.6,600,1,0,princetonbabylab,p17,2
3,princetonbabylab17_2,6,10.52,12,1.48,1480,1,0,princetonbabylab,p17,2
7,princetonbabylab17_3,4,2,12,10,10000,0,2,princetonbabylab,p17,3
7,princetonbabylab17_4,4,2,12,10,10000,0,0,princetonbabylab,p17,4
3,princetonbabylab17_5,5,8.08,9.04,0.96,960,1,0,princetonbabylab,p17,5
6,princetonbabylab17_6,3,2.244,5.214,2.97,2970,2,0,princetonbabylab,p17,6
6,princetonbabylab17_6,3,8.712,10.989,2.277,2277,2,0,princetonbabylab,p17,6
6,princetonbabylab17_6,5,11.385,12,0.615,615,2,0,princetonbabylab,p17,6
3,princetonbabylab17_9,5,3.08,5.04,1.96,1960,1,1,princetonbabylab,p17,9
3,princetonbabylab17_9,4,8.12,9.16,1.04,1040,1,1,princetonbabylab,p17,9
1,princetonbabylab18_3,3,5.907,6.468,0.561,561,2,0,princetonbabylab,p18,3
7,princetonbabylab18_4,4,2.937,3.399,0.462,462,0,0,princetonbabylab,p18,4
7,princetonbabylab18_4,4,8.415,9.009,0.594,594,0,0,princetonbabylab,p18,4
7,princetonbabylab18_5,4,11.583,12,0.417,417,0,1,princetonbabylab,p18,5
2,princetonbabylab18_6,4,2.92,3.36,0.44,440,0,0,princetonbabylab,p18,6
2,princetonbabylab18_6,4,4.12,4.72,0.6,600,0,0,princetonbabylab,p18,6
4,princetonbabylab18_7,4,2,10.589,8.589,8589,0,0,princetonbabylab,p18,7
6,umn_cbplab_401_1,NA,NA,NA,0,0,NA,NA,cbplabumn,MB4_401,1
6,umn_cbplab_401_10,NA,NA,NA,0,0,NA,NA,cbplabumn,MB4_401,10
6,umn_cbplab_401_11,4,2,12,10,10000,0,0,cbplabumn,MB4_401,11
2,umn_cbplab_401_12,4,11.088,12,0.912,912,0,0,cbplabumn,MB4_401,12
2,umn_cbplab_401_13,4,2,6.831,4.831,4831,0,0,cbplabumn,MB4_401,13
6,umn_cbplab_401_14,4,2,12,10,10000,0,0,cbplabumn,MB4_401,14
4,umn_cbplab_401_2,NA,NA,NA,0,0,NA,NA,cbplabumn,MB4_401,2
2,umn_cbplab_401_3,NA,NA,NA,0,0,NA,NA,cbplabumn,MB4_401,3
6,umn_cbplab_401_4,NA,NA,NA,0,0,NA,NA,cbplabumn,MB4_401,4
6,umn_cbplab_401_5,4,2,12,10,10000,0,0,cbplabumn,MB4_401,5
8,umn_cbplab_401_6,NA,NA,NA,0,0,NA,NA,cbplabumn,MB4_401,6
3,umn_cbplab_401_7,3,11.04,12,0.96,960,2,0,cbplabumn,MB4_401,7
8,umn_cbplab_401_8,NA,NA,NA,0,0,NA,NA,cbplabumn,MB4_401,8
6,umn_cbplab_401_9,4,2,12,10,10000,0,0,cbplabumn,MB4_401,9
8,umn_cbplab_403_1,4,2,12,10,10000,2,0,cbplabumn,MB4_403,1
1,umn_cbplab_403_2,4,2,12,10,10000,0,0,cbplabumn,MB4_403,2
3,umn_cbplab_403_3,4,3.32,3.36,0.04,40,0,1,cbplabumn,MB4_403,3
8,umn_cbplab_403_4,NA,NA,NA,0,0,NA,NA,cbplabumn,MB4_403,4
8,umn_cbplab_404_1,6,2.739,4.125,1.386,1386,1,1,cbplabumn,MB4_404,1
6,umn_cbplab_404_10,5,5.511,6.732,1.221,1221,1,1,cbplabumn,MB4_404,10
6,umn_cbplab_404_2,5,2.409,3.828,1.419,1419,1,1,cbplabumn,MB4_404,2
8,umn_cbplab_404_3,6,2.046,4.092,2.046,2046,1,1,cbplabumn,MB4_404,3
8,umn_cbplab_404_3,3,4.719,6.666,1.947,1947,1,1,cbplabumn,MB4_404,3
8,umn_cbplab_404_4,4,2,12,10,10000,0,1,cbplabumn,MB4_404,4
1,umn_cbplab_404_5,4,2,12,10,10000,0,0,cbplabumn,MB4_404,5
6,umn_cbplab_404_6,5,2.442,3.069,0.627,627,1,1,cbplabumn,MB4_404,6
8,umn_cbplab_404_7,4,2,12,10,10000,0,0,cbplabumn,MB4_404,7
6,umn_cbplab_404_8,5,3.828,4.29,0.462,462,1,1,cbplabumn,MB4_404,8
1,umn_cbplab_404_9,4,2,12,10,10000,0,0,cbplabumn,MB4_404,9
8,umn_cbplab_405_1,4,2,12,10,10000,0,0,cbplabumn,MB4_405,1
3,umn_cbplab_405_10,4,2,12,10,10000,0,0,cbplabumn,MB4_405,10
3,umn_cbplab_405_12,4,2,12,10,10000,0,0,cbplabumn,MB4_405,12
3,umn_cbplab_405_2,4,2,12,10,10000,0,0,cbplabumn,MB4_405,2
4,umn_cbplab_405_3,4,2,12,10,10000,0,0,cbplabumn,MB4_405,3
6,umn_cbplab_405_4,4,2,12,10,10000,0,0,cbplabumn,MB4_405,4
6,umn_cbplab_405_5,4,2,12,10,10000,0,0,cbplabumn,MB4_405,5
6,umn_cbplab_405_6,4,2,12,10,10000,0,0,cbplabumn,MB4_405,6
1,umn_cbplab_405_7,4,2,12,10,10000,0,0,cbplabumn,MB4_405,7
2,umn_cbplab_405_8,4,2,12,10,10000,0,0,cbplabumn,MB4_405,8
6,umn_cbplab_405_9,4,2,12,10,10000,0,0,cbplabumn,MB4_405,9
6,umn_cbplab_407_1,5,11.088,12,0.912,912,2,0,cbplabumn,MB4_407,1
8,umn_cbplab_407_10,NA,NA,NA,0,0,2,0,cbplabumn,MB4_407,10
6,umn_cbplab_407_11,3,3.366,5.643,2.277,2277,2,1,cbplabumn,MB4_407,11
8,umn_cbplab_407_2,4,2,12,10,10000,0,0,cbplabumn,MB4_407,2
7,umn_cbplab_407_3,4,2,12,10,10000,0,0,cbplabumn,MB4_407,3
2,umn_cbplab_407_4,4,7.722,9.372,1.65,1650,0,0,cbplabumn,MB4_407,4
6,umn_cbplab_407_5,5,8.415,8.811,0.396,396,1,1,cbplabumn,MB4_407,5
4,umn_cbplab_407_6,4,2,4.0962,2.0962,2096.2,0,0,cbplabumn,MB4_407,6
4,umn_cbplab_407_6,7,4.224,4.554,0.33,330,0,0,cbplabumn,MB4_407,6
4,umn_cbplab_407_6,4,4.686,12,7.314,7314,0,0,cbplabumn,MB4_407,6
6,umn_cbplab_407_7,3,7.887,9.537,1.65,1650,2,1,cbplabumn,MB4_407,7
6,umn_cbplab_407_7,3,11.484,12,0.516,516,2,1,cbplabumn,MB4_407,7
4,umn_cbplab_407_8,4,2,12,10,10000,0,1,cbplabumn,MB4_407,8
4,umn_cbplab_407_9,4,2,12,10,10000,0,0,cbplabumn,MB4_407,9
7,umn_cbplab_409_1,4,2,12,10,10000,0,0,cbplabumn,MB4_409,1
6,umn_cbplab_409_2,4,2,12,10,10000,0,0,cbplabumn,MB4_409,2
2,umn_cbplab_409_3,4,2,12,10,10000,0,0,cbplabumn,MB4_409,3
7,umn_cbplab_409_4,4,2,12,10,10000,0,0,cbplabumn,MB4_409,4
3,umn_cbplab_409_5,4,2,12,10,10000,0,0,cbplabumn,MB4_409,5
1,umn_cbplab_409_6,4,2,12,10,10000,0,0,cbplabumn,MB4_409,6
7,umn_cbplab_409_7,4,2,12,10,10000,0,0,cbplabumn,MB4_409,7
6,umn_cbplab_409_8,4,2,12,10,10000,0,0,cbplabumn,MB4_409,8
6,umn_cbplab_409_9,4,2,12,10,10000,0,0,cbplabumn,MB4_409,9
6,umn_cbplab_411_1,4,2,12,10,10000,0,0,cbplabumn,MB4_411,1
1,umn_cbplab_411_10,3,10.89,12,1.11,1110,2,0,cbplabumn,MB4_411,10
2,umn_cbplab_411_11,4,2,12,10,10000,0,0,cbplabumn,MB4_411,11
6,umn_cbplab_411_2,4,2,12,10,10000,0,0,cbplabumn,MB4_411,2
2,umn_cbplab_411_3,4,2,12,10,10000,0,0,cbplabumn,MB4_411,3
4,umn_cbplab_411_4,4,2,10,8,8000,0,0,cbplabumn,MB4_411,4
8,umn_cbplab_411_5,4,2,12,10,10000,0,0,cbplabumn,MB4_411,5
6,umn_cbplab_411_6,4,2,12,10,10000,0,0,cbplabumn,MB4_411,6
7,umn_cbplab_411_7,4,2,12,10,10000,0,0,cbplabumn,MB4_411,7
3,umn_cbplab_411_8,4,2,12,10,10000,0,0,cbplabumn,MB4_411,8
1,umn_cbplab_411_9,4,2,12,10,10000,0,0,cbplabumn,MB4_411,9
4,umn_cbplab_416_1,4,2,11.401,9.401,9401,0,0,cbplabumn,MB4_416,1
4,umn_cbplab_416_1,6,11.431,12,0.569,569,0,0,cbplabumn,MB4_416,1
3,umn_cbplab_416_2,4,2,12,10,10000,0,0,cbplabumn,MB4_416,2
1,umn_cbplab_416_3,4,2,12,10,10000,0,0,cbplabumn,MB4_416,3
6,umn_cbplab_416_4,4,2,12,10,10000,0,0,cbplabumn,MB4_416,4
6,umn_cbplab_416_5,4,2,12,10,10000,0,0,cbplabumn,MB4_416,5
6,umn_cbplab_416_6,5,10.857,11.286,0.429,429,1,0,cbplabumn,MB4_416,6
6,umn_cbplab_416_7,4,2,12,10,10000,0,0,cbplabumn,MB4_416,7
1,umn_cbplab_417_1,6,10.659,12,1.341,1341,1,0,cbplabumn,MB4_417,1
7,umn_cbplab_417_2,4,2,12,10,10000,0,0,cbplabumn,MB4_417,2
6,umn_cbplab_417_3,4,2,12,10,10000,0,0,cbplabumn,MB4_417,3
7,umn_cbplab_417_4,4,2,12,10,10000,0,0,cbplabumn,MB4_417,4
2,umn_cbplab_417_5,4,10.695,12,1.305,1305,0,0,cbplabumn,MB4_417,5
1,umn_cbplab_417_6,4,2,12,10,10000,0,0,cbplabumn,MB4_417,6
6,umn_cbplab_417_7,4,2,12,10,10000,0,0,cbplabumn,MB4_417,7
2,umn_cbplab_419_1,4,2,12,10,10000,0,0,cbplabumn,MB4_419,1
6,umn_cbplab_419_10,4,2,12,10,10000,0,0,cbplabumn,MB4_419,10
2,umn_cbplab_419_11,4,2,12,10,10000,0,0,cbplabumn,MB4_419,11
8,umn_cbplab_419_2,4,2,12,10,10000,0,0,cbplabumn,MB4_419,2
3,umn_cbplab_419_3,4,2,12,10,10000,0,0,cbplabumn,MB4_419,3
2,umn_cbplab_419_4,4,2,12,10,10000,0,0,cbplabumn,MB4_419,4
2,umn_cbplab_419_5,4,2,12,10,10000,0,0,cbplabumn,MB4_419,5
1,umn_cbplab_419_6,3,6.115,7,0.885,885,2,0,cbplabumn,MB4_419,6
6,umn_cbplab_419_7,4,2,12,10,10000,0,0,cbplabumn,MB4_419,7
2,umn_cbplab_419_8,4,2,12,10,10000,0,0,cbplabumn,MB4_419,8
6,umn_cbplab_419_9,3,2.97,9.999,7.029,7029,2,0,cbplabumn,MB4_419,9
4,umn_cbplab_420_1,4,2,12,10,10000,0,0,cbplabumn,MB4_420,1
8,umn_cbplab_420_10,4,2,12,10,10000,0,0,cbplabumn,MB4_420,10
4,umn_cbplab_420_11,4,2,12,10,10000,0,0,cbplabumn,MB4_420,11
4,umn_cbplab_420_12,4,2,12,10,10000,0,0,cbplabumn,MB4_420,12
6,umn_cbplab_420_13,4,2,12,10,10000,0,0,cbplabumn,MB4_420,13
7,umn_cbplab_420_14,4,2,12,10,10000,0,0,cbplabumn,MB4_420,14
7,umn_cbplab_420_2,4,2,12,10,10000,0,0,cbplabumn,MB4_420,2
1,umn_cbplab_420_3,4,2,12,10,10000,0,0,cbplabumn,MB4_420,3
6,umn_cbplab_420_4,4,2,12,10,10000,0,0,cbplabumn,MB4_420,4
6,umn_cbplab_420_5,4,2,12,10,10000,0,0,cbplabumn,MB4_420,5
8,umn_cbplab_420_6,4,2,12,10,10000,0,0,cbplabumn,MB4_420,6
6,umn_cbplab_420_7,4,2,12,10,10000,0,0,cbplabumn,MB4_420,7
6,umn_cbplab_420_8,4,2,12,10,10000,0,0,cbplabumn,MB4_420,8
7,umn_cbplab_420_9,4,2,12,10,10000,0,0,cbplabumn,MB4_420,9
6,umn_cbplab_421_1,4,2,12,10,10000,0,1,cbplabumn,MB4_421,1
3,umn_cbplab_421_10,4,3.64,7.36,3.72,3720,0,1,cbplabumn,MB4_421,10
8,umn_cbplab_421_11,4,2,12,10,10000,0,0,cbplabumn,MB4_421,11
4,umn_cbplab_421_12,4,2,12,10,10000,0,0,cbplabumn,MB4_421,12
6,umn_cbplab_421_13,4,2,12,10,10000,0,0,cbplabumn,MB4_421,13
8,umn_cbplab_421_14,4,2,12,10,10000,0,0,cbplabumn,MB4_421,14
3,umn_cbplab_421_2,4,8.08,12,3.92,3920,0,1,cbplabumn,MB4_421,2
3,umn_cbplab_421_3,4,2,12,10,10000,0,0,cbplabumn,MB4_421,3
4,umn_cbplab_421_4,4,2,12,10,10000,0,1,cbplabumn,MB4_421,4
1,umn_cbplab_421_5,4,2,12,10,10000,0,0,cbplabumn,MB4_421,5
6,umn_cbplab_421_6,4,2,12,10,10000,0,0,cbplabumn,MB4_421,6
7,umn_cbplab_421_7,4,2,12,10,10000,0,0,cbplabumn,MB4_421,7
8,umn_cbplab_421_8,4,2,12,10,10000,0,1,cbplabumn,MB4_421,8
4,umn_cbplab_421_9,3,2,12,10,10000,2,1,cbplabumn,MB4_421,9
3,umn_cbplab_422_1,4,6.36,12,5.64,5640,0,1,cbplabumn,MB4_422,1
3,umn_cbplab_422_1,4,6.36,12,5.64,5640,0,1,cbplabumn,MB4_422,1
6,umn_cbplab_422_2,5,10.164,11.715,1.551,1551,1,0,cbplabumn,MB4_422,2
2,umn_cbplab_422_3,4,2,12,10,10000,0,0,cbplabumn,MB4_422,3
4,umn_cbplab_422_4,5,2,12,10,10000,1,1,cbplabumn,MB4_422,4
6,umn_cbplab_422_5,5,5.28,5.874,0.594,594,1,1,cbplabumn,MB4_422,5
6,umn_cbplab_422_6,5,8.25,8.712,0.462,462,1,0,cbplabumn,MB4_422,6
1,umn_cbplab_423_1,5,5.577,7.326,1.749,1749,1,0,cbplabumn,MB4_423,1
3,umn_cbplab_423_10,4,2,12,10,10000,0,0,cbplabumn,MB4_423,10
4,umn_cbplab_423_2,4,2,12,10,10000,0,0,cbplabumn,MB4_423,2
6,umn_cbplab_423_3,4,2,12,10,10000,0,0,cbplabumn,MB4_423,3
6,umn_cbplab_423_4,4,2,12,10,10000,0,0,cbplabumn,MB4_423,4
4,umn_cbplab_423_5,4,2,12,10,10000,0,0,cbplabumn,MB4_423,5
3,umn_cbplab_423_6,4,9,10.6,1.6,1600,0,1,cbplabumn,MB4_423,6
3,umn_cbplab_423_6,4,9,10.6,1.6,1600,0,1,cbplabumn,MB4_423,6
8,umn_cbplab_423_7,4,2,12,10,10000,0,0,cbplabumn,MB4_423,7
3,umn_cbplab_423_8,4,2,12,10,10000,0,0,cbplabumn,MB4_423,8
3,umn_cbplab_423_8,4,2,12,10,10000,0,0,cbplabumn,MB4_423,8
1,umn_cbplab_423_9,4,2,12,10,10000,0,0,cbplabumn,MB4_423,9
8,umn_cbplab_427_1,4,2,12,10,10000,0,0,cbplabumn,MB4_427,1
8,umn_cbplab_427_10,4,2,12,10,10000,0,0,cbplabumn,MB4_427,10
6,umn_cbplab_427_11,4,2,12,10,10000,0,0,cbplabumn,MB4_427,11
6,umn_cbplab_427_2,4,2,12,10,10000,0,0,cbplabumn,MB4_427,2
7,umn_cbplab_427_3,4,2,12,10,10000,0,0,cbplabumn,MB4_427,3
6,umn_cbplab_427_4,4,2,12,10,10000,0,0,cbplabumn,MB4_427,4
2,umn_cbplab_427_5,4,2,12,10,10000,0,0,cbplabumn,MB4_427,5
4,umn_cbplab_427_6,4,2,12,10,10000,0,0,cbplabumn,MB4_427,6
1,umn_cbplab_427_7,4,2,12,10,10000,0,0,cbplabumn,MB4_427,7
4,umn_cbplab_427_8,4,2,12,10,10000,0,0,cbplabumn,MB4_427,8
4,umn_cbplab_427_9,4,2,10,8,8000,0,0,cbplabumn,MB4_427,9
8,umn_cbplab_430_1,NA,NA,NA,0,0,2,0,cbplabumn,MB4_430,1
3,umn_cbplab_430_10,4,2,12,10,10000,0,0,cbplabumn,MB4_430,10
6,umn_cbplab_430_2,4,2,12,10,10000,0,0,cbplabumn,MB4_430,2
7,umn_cbplab_430_3,4,2,12,10,10000,0,0,cbplabumn,MB4_430,3
4,umn_cbplab_430_4,1,2,3.884,1.884,1884,2,0,cbplabumn,MB4_430,4
4,umn_cbplab_430_4,4,4.125,12,7.875,7875,2,0,cbplabumn,MB4_430,4
6,umn_cbplab_430_5,4,2,12,10,10000,0,0,cbplabumn,MB4_430,5
6,umn_cbplab_430_6,4,2,12,10,10000,0,0,cbplabumn,MB4_430,6
7,umn_cbplab_430_7,4,2,12,10,10000,0,0,cbplabumn,MB4_430,7
4,umn_cbplab_430_8,4,2,11.337,9.337,9337,0,0,cbplabumn,MB4_430,8
6,umn_cbplab_430_9,4,2,12,10,10000,0,0,cbplabumn,MB4_430,9
4,umn_cbplab_432_1,4,2,12,10,10000,0,0,cbplabumn,MB4_432,1
3,umn_cbplab_432_2,4,2,12,10,10000,0,0,cbplabumn,MB4_432,2
1,umn_cbplab_432_3,4,2,12,10,10000,0,0,cbplabumn,MB4_432,3
7,umn_cbplab_432_4,4,2,12,10,10000,0,0,cbplabumn,MB4_432,4
7,umn_cbplab_432_5,4,2,12,10,10000,0,0,cbplabumn,MB4_432,5
1,umn_cbplab_432_6,4,2,12,10,10000,0,0,cbplabumn,MB4_432,6
8,umn_cbplab_432_7,4,2,12,10,10000,0,0,cbplabumn,MB4_432,7
4,umn_cbplab_432_8,4,2,12,10,10000,0,0,cbplabumn,MB4_432,8
3,umn_cbplab_432_9,3,9.72,12,2.28,2280,2,1,cbplabumn,MB4_432,9
8,umn_cbplab_433_1,4,2,12,10,10000,0,0,cbplabumn,MB4_433,1
6,umn_cbplab_433_2,4,2,12,10,10000,0,0,cbplabumn,MB4_433,2
7,umn_cbplab_433_3,4,2,12,10,10000,0,0,cbplabumn,MB4_433,3
3,umn_cbplab_433_4,4,2,12,10,10000,0,0,cbplabumn,MB4_433,4
7,umn_cbplab_433_5,4,2,12,10,10000,0,0,cbplabumn,MB4_433,5
8,umn_cbplab_433_6,5,3.861,4.653,0.792,792,1,0,cbplabumn,MB4_433,6
4,umn_cbplab_434_1,4,2,12,10,10000,0,0,cbplabumn,MB4_434,1
4,umn_cbplab_434_10,4,2,5.832,3.832,3832,0,0,cbplabumn,MB4_434,10
4,umn_cbplab_434_10,5,5.862,8.799,2.937,2937,0,0,cbplabumn,MB4_434,10
3,umn_cbplab_434_11,5,2,12,10,10000,1,0,cbplabumn,MB4_434,11
8,umn_cbplab_434_12,NA,NA,NA,0,0,1,0,cbplabumn,MB4_434,12
8,umn_cbplab_434_2,4,2,12,10,10000,0,0,cbplabumn,MB4_434,2
3,umn_cbplab_434_3,4,2,12,10,10000,0,0,cbplabumn,MB4_434,3
2,umn_cbplab_434_4,5,2,2.805,0.805,805,1,0,cbplabumn,MB4_434,4
7,umn_cbplab_434_5,4,2,12,10,10000,0,0,cbplabumn,MB4_434,5
6,umn_cbplab_434_6,4,2,12,10,10000,0,0,cbplabumn,MB4_434,6
2,umn_cbplab_434_7,4,2,12,10,10000,0,0,cbplabumn,MB4_434,7
1,umn_cbplab_434_8,5,10.263,12,1.737,1737,1,0,cbplabumn,MB4_434,8
4,umn_cbplab_434_9,NA,NA,NA,0,0,NA,NA,cbplabumn,MB4_434,9
4,umn_cbplab_435_1,4,2,12,10,10000,0,0,cbplabumn,MB4_435,1
2,umn_cbplab_435_10,4,2,12,10,10000,0,0,cbplabumn,MB4_435,10
6,umn_cbplab_435_11,4,2,12,10,10000,0,0,cbplabumn,MB4_435,11
4,umn_cbplab_435_12,4,2,12,10,10000,0,0,cbplabumn,MB4_435,12
6,umn_cbplab_435_2,4,2,12,10,10000,0,0,cbplabumn,MB4_435,2
1,umn_cbplab_435_3,4,2,12,10,10000,0,1,cbplabumn,MB4_435,3
2,umn_cbplab_435_4,5,10.098,10.791,0.693,693,1,0,cbplabumn,MB4_435,4
2,umn_cbplab_435_5,5,8.989,12,3.011,3011,1,0,cbplabumn,MB4_435,5
2,umn_cbplab_435_6,4,2,12,10,10000,0,0,cbplabumn,MB4_435,6
8,umn_cbplab_435_7,4,2,12,10,10000,0,1,cbplabumn,MB4_435,7
7,umn_cbplab_435_8,4,2,12,10,10000,0,0,cbplabumn,MB4_435,8
7,umn_cbplab_435_9,4,2,12,10,10000,0,0,cbplabumn,MB4_435,9
8,umn_cbplab_436_1,5,4.125,7.227,3.102,3102,1,0,cbplabumn,MB4_436,1
7,umn_cbplab_436_2,6,10.23,12,1.77,1770,1,0,cbplabumn,MB4_436,2
4,umn_cbplab_436_3,5,2,12,10,10000,1,0,cbplabumn,MB4_436,3
2,umn_cbplab_436_4,5,2,4.818,2.818,2818,1,0,cbplabumn,MB4_436,4
3,umn_cbplab_436_5,6,7.12,8.48,1.36,1360,1,1,cbplabumn,MB4_436,5
8,umn_cbplab_436_6,5,2,2.97,0.97,970,1,1,cbplabumn,MB4_436,6
4,umn_cbplab_436_7,3,2,12,10,10000,2,0,cbplabumn,MB4_436,7
2,umn_cbplab_436_8,4,2,12,10,10000,0,0,cbplabumn,MB4_436,8
3,umn_cbplab_437_1,4,2,12,10,10000,0,0,cbplabumn,MB4_437,1
3,umn_cbplab_437_2,4,2,12,10,10000,0,0,cbplabumn,MB4_437,2
7,umn_cbplab_437_2,5,11.649,12,0.351,351,1,0,cbplabumn,MB4_437,2
8,umn_cbplab_437_3,4,2,12,10,10000,0,0,cbplabumn,MB4_437,3
7,umn_cbplab_437_5,4,2,12,10,10000,0,0,cbplabumn,MB4_437,5
3,umn_cbplab_437_6,4,2,12,10,10000,0,0,cbplabumn,MB4_437,6
3,umn_cbplab_437_7,4,2,12,10,10000,0,0,cbplabumn,MB4_437,7
4,umn_cbplab_437_8,4,2,12,10,10000,0,0,cbplabumn,MB4_437,8
6,umn_cbplab_438_1,4,2,12,10,10000,0,0,cbplabumn,MB4_438,1
7,umn_cbplab_438_2,5,5.016,6.072,1.056,1056,1,0,cbplabumn,MB4_438,2
7,umn_cbplab_438_3,5,4.092,6.039,1.947,1947,1,0,cbplabumn,MB4_438,3
2,umn_cbplab_438_4,4,2,12,10,10000,0,0,cbplabumn,MB4_438,4
2,umn_cbplab_438_5,4,2,12,10,10000,0,0,cbplabumn,MB4_438,5
3,umn_cbplab_438_6,4,5.56,7.68,2.12,2120,0,1,cbplabumn,MB4_438,6
6,umn_cbplab_438_7,4,2,12,10,10000,0,0,cbplabumn,MB4_438,7
6,umn_cbplab_439_1,5,7.656,8.25,0.594,594,2,1,cbplabumn,MB4_439,1
6,umn_cbplab_439_1,3,9.801,12,2.199,2199,2,1,cbplabumn,MB4_439,1
6,umn_cbplab_439_2,3,7.326,8.844,1.518,1518,2,1,cbplabumn,MB4_439,2
4,umn_cbplab_439_3,4,2,12,10,10000,0,1,cbplabumn,MB4_439,3
8,umn_cbplab_439_4,3,2,3.003,1.003,1003,2,0,cbplabumn,MB4_439,4
8,umn_cbplab_439_5,NA,NA,NA,0,0,2,0,cbplabumn,MB4_439,5
8,umn_cbplab_439_6,3,10.791,12,1.209,1209,2,0,cbplabumn,MB4_439,6
7,umn_cbplab_439_7,4,2,12,10,10000,0,0,cbplabumn,MB4_439,7
1,umn_cbplab_440_1,5,4.752,5.111,0.359,359,1,0,cbplabumn,MB4_440,1
1,umn_cbplab_440_1,6,6.322,9.735,3.413,3413,1,0,cbplabumn,MB4_440,1
6,umn_cbplab_440_10,5,9.801,12,2.199,2199,1,0,cbplabumn,MB4_440,10
6,umn_cbplab_440_11,5,11.55,12,0.45,450,1,0,cbplabumn,MB4_440,11
4,umn_cbplab_440_12,4,2,4.127,2.127,2127,0,0,cbplabumn,MB4_440,12
4,umn_cbplab_440_12,2,4.157,12,7.843,7843,0,0,cbplabumn,MB4_440,12
1,umn_cbplab_440_13,5,2,12,10,10000,1,0,cbplabumn,MB4_440,13
4,umn_cbplab_440_14,4,2,12,10,10000,0,0,cbplabumn,MB4_440,14
6,umn_cbplab_440_2,5,8.943,9.339,0.396,396,1,0,cbplabumn,MB4_440,2
6,umn_cbplab_440_3,5,10.527,12,1.473,1473,1,0,cbplabumn,MB4_440,3
3,umn_cbplab_440_4,4,2,12,10,10000,0,0,cbplabumn,MB4_440,4
8,umn_cbplab_440_5,4,2,10.362,8.362,8362,0,0,cbplabumn,MB4_440,5
7,umn_cbplab_440_6,4,2,12,10,10000,0,0,cbplabumn,MB4_440,6
6,umn_cbplab_440_7,4,2,12,10,10000,0,0,cbplabumn,MB4_440,7
3,umn_cbplab_440_8,4,2,12,10,10000,0,0,cbplabumn,MB4_440,8
6,umn_cbplab_440_9,6,10.659,12,1.341,1341,1,0,cbplabumn,MB4_440,9
